{
  "config": {
    "run_name": "exp1_2",
    "out_dir": "./results",
    "seed": 1226362800,
    "device": null,
    "bs_train": 128,
    "bs_test": 32,
    "batches": 500,
    "epochs": 100,
    "early_stopping": 3,
    "checkpoints": null,
    "lr": 0.001,
    "reg": 0.001,
    "filters_per_layer": [
      128
    ],
    "layers_per_block": 2,
    "pool_every": 2,
    "hidden_dims": [
      100
    ],
    "model_type": "cnn",
    "kw": {}
  },
  "results": {
    "num_epochs": 0,
    "train_loss": [
      1.5715200907129157,
      1.214088615554068,
      1.0919926245804028,
      1.0034311592121563,
      0.9329646664202366,
      0.8735512345648178,
      0.8216779079583599,
      0.7747737952815298,
      0.7355168725523498,
      0.693904164502078,
      0.6600817902313779,
      0.6280294354919278,
      0.5990109650985055,
      0.569673855286425,
      0.5413012492382313,
      0.5181099972151735
    ],
    "train_acc": [
      43.5,
      57.098,
      61.44,
      64.582,
      67.376,
      69.452,
      71.19,
      72.974,
      74.238,
      75.74,
      76.772,
      77.76,
      78.786,
      79.912,
      80.982,
      81.646
    ],
    "test_loss": [
      1.35575198822509,
      1.179597409769369,
      1.111224579734924,
      1.0803965608151958,
      1.0817791143545328,
      1.0851452129717452,
      1.0811495552428614,
      1.0888896125574081,
      1.1006378076327876,
      1.137710717539437,
      1.170916767546925,
      1.1953895251971844,
      1.2243911694413938,
      1.2822809676392772,
      1.3286726589020068,
      1.3253555054100938
    ],
    "test_acc": [
      52.22,
      58.01,
      60.81,
      62.05,
      62.32,
      62.41,
      62.57,
      63.16,
      63.27,
      63.09,
      63.07,
      63.46,
      63.52,
      62.84,
      62.85,
      63.18
    ]
  }
}