{
  "config": {
    "run_name": "exp1_2",
    "out_dir": "./results",
    "seed": 576438188,
    "device": null,
    "bs_train": 128,
    "bs_test": 32,
    "batches": 500,
    "epochs": 100,
    "early_stopping": 3,
    "checkpoints": null,
    "lr": 0.001,
    "reg": 0.001,
    "filters_per_layer": [
      64
    ],
    "layers_per_block": 2,
    "pool_every": 2,
    "hidden_dims": [
      100
    ],
    "model_type": "cnn",
    "kw": {}
  },
  "results": {
    "num_epochs": 0,
    "train_loss": [
      1.4206589798793159,
      1.041835072705203,
      0.8741293514476103,
      0.7516825254006154,
      0.6538622141494166,
      0.5653997552974145,
      0.48365760276384673
    ],
    "train_acc": [
      49.342,
      63.368,
      69.332,
      73.972,
      77.314,
      80.42,
      83.226
    ],
    "test_loss": [
      1.1468616034657049,
      1.0162836141860523,
      0.9428135686027356,
      0.9488729166146666,
      1.0062818435815195,
      1.1155021106854033,
      1.1517034658608727
    ],
    "test_acc": [
      59.88,
      64.41,
      67.56,
      67.59,
      66.58,
      65.2,
      66.98
    ]
  }
}