{
  "config": {
    "run_name": "exp1_2",
    "out_dir": "./results",
    "seed": 1656001414,
    "device": null,
    "bs_train": 128,
    "bs_test": 32,
    "batches": 500,
    "epochs": 100,
    "early_stopping": 3,
    "checkpoints": null,
    "lr": 0.001,
    "reg": 0.001,
    "filters_per_layer": [
      128
    ],
    "layers_per_block": 4,
    "pool_every": 3,
    "hidden_dims": [
      100
    ],
    "model_type": "cnn",
    "kw": {}
  },
  "results": {
    "num_epochs": 0,
    "train_loss": [
      1.5368589903692456,
      1.0333016241907769,
      0.7936142240948689,
      0.636275659741648,
      0.5120486676540521,
      0.4165523753446691
    ],
    "train_acc": [
      44.5,
      63.536,
      72.186,
      77.902,
      82.178,
      85.328
    ],
    "test_loss": [
      1.2112234682320786,
      0.9895542132587859,
      0.8804264738917732,
      0.9606980393869808,
      0.9767003653529353,
      1.229798338283746
    ],
    "test_acc": [
      56.94,
      65.36,
      70.06,
      69.09,
      69.3,
      67.09
    ]
  }
}