{
  "config": {
    "run_name": "exp1_2",
    "out_dir": "./results",
    "seed": 124836511,
    "device": null,
    "bs_train": 128,
    "bs_test": 32,
    "batches": 500,
    "epochs": 100,
    "early_stopping": 3,
    "checkpoints": null,
    "lr": 0.001,
    "reg": 0.001,
    "filters_per_layer": [
      64
    ],
    "layers_per_block": 4,
    "pool_every": 3,
    "hidden_dims": [
      100
    ],
    "model_type": "cnn",
    "kw": {}
  },
  "results": {
    "num_epochs": 0,
    "train_loss": [
      1.5172242459738652,
      1.0929671577785327,
      0.8786174647338555,
      0.729879862207281,
      0.6150925970443374,
      0.5098517142293398,
      0.4362366815357257,
      0.34778503261868604
    ],
    "train_acc": [
      45.258,
      61.316,
      69.066,
      74.356,
      78.58,
      82.02,
      84.524,
      87.756
    ],
    "test_loss": [
      1.23975584377496,
      1.0440060551555013,
      0.9234698115827177,
      0.9367909781849042,
      0.9726402599590654,
      1.080770279271915,
      1.318447515225639,
      1.4917239838133987
    ],
    "test_acc": [
      56.47,
      63.35,
      67.5,
      68.56,
      68.9,
      67.36,
      66.26,
      65.44
    ]
  }
}