{
  "config": {
    "run_name": "exp1_3",
    "out_dir": "./results",
    "seed": 273466748,
    "device": null,
    "bs_train": 128,
    "bs_test": 32,
    "batches": 500,
    "epochs": 100,
    "early_stopping": 3,
    "checkpoints": null,
    "lr": 0.001,
    "reg": 0.001,
    "filters_per_layer": [
      64,
      128,
      256
    ],
    "layers_per_block": 3,
    "pool_every": 2,
    "hidden_dims": [
      100
    ],
    "model_type": "cnn",
    "kw": {}
  },
  "results": {
    "num_epochs": 0,
    "train_loss": [
      1.9993476574988012,
      1.5044682105179028,
      1.2124460517902813,
      1.0183559720168638,
      0.8728579157758551,
      0.7714405108595748,
      0.6918562086646819,
      0.6355599015570053,
      0.5820406940587036,
      0.5254817484589793,
      0.491257221192655,
      0.45130214057005275
    ],
    "train_acc": [
      23.938,
      44.21,
      55.628,
      63.008,
      68.576,
      72.602,
      75.618,
      77.62,
      79.608,
      81.424,
      82.548,
      83.992
    ],
    "test_loss": [
      1.6887327931559504,
      1.348708277693191,
      1.15985838673747,
      1.0047030220397364,
      0.8891271036653854,
      0.9234761490989417,
      0.8964154423235323,
      0.9183434434592153,
      0.8863785716291434,
      0.9250567256452177,
      0.9724584219935603,
      0.9842341121393271
    ],
    "test_acc": [
      35.41,
      50.53,
      58.14,
      64.23,
      69.2,
      68.47,
      70.27,
      69.59,
      71.81,
      71.75,
      70.19,
      70.74
    ]
  }
}