{
  "config": {
    "run_name": "exp1_2",
    "out_dir": "./results",
    "seed": 1460142375,
    "device": null,
    "bs_train": 128,
    "bs_test": 32,
    "batches": 500,
    "epochs": 100,
    "early_stopping": 3,
    "checkpoints": null,
    "lr": 0.001,
    "reg": 0.001,
    "filters_per_layer": [
      32
    ],
    "layers_per_block": 8,
    "pool_every": 5,
    "hidden_dims": [
      100
    ],
    "model_type": "cnn",
    "kw": {}
  },
  "results": {
    "num_epochs": 0,
    "train_loss": [
      1.697267966502158,
      1.227576214334239,
      0.9961699268702046,
      0.8473858845508312,
      0.7378707066216432,
      0.66224276257293,
      0.5875178188314218,
      0.5232166182964354
    ],
    "train_acc": [
      37.532,
      55.952,
      64.756,
      70.13,
      74.23,
      76.754,
      79.342,
      81.454
    ],
    "test_loss": [
      1.3384547614441893,
      1.118188730063149,
      1.060776098086811,
      0.9996255015412839,
      0.9747691779090955,
      0.9950370422948283,
      1.272625712921825,
      1.1790943084814298
    ],
    "test_acc": [
      51.27,
      60.55,
      63.63,
      65.69,
      66.98,
      66.79,
      59.36,
      65.01
    ]
  }
}