{
  "config": {
    "run_name": "exp1_2",
    "out_dir": "./results",
    "seed": 2136423869,
    "device": null,
    "bs_train": 128,
    "bs_test": 32,
    "batches": 500,
    "epochs": 100,
    "early_stopping": 3,
    "checkpoints": null,
    "lr": 0.001,
    "reg": 0.001,
    "filters_per_layer": [
      32
    ],
    "layers_per_block": 2,
    "pool_every": 2,
    "hidden_dims": [
      100
    ],
    "model_type": "cnn",
    "kw": {}
  },
  "results": {
    "num_epochs": 0,
    "train_loss": [
      1.5708101472586318,
      1.1924137203284846,
      1.041438500289722,
      0.923968302929188,
      0.8361650940097506,
      0.7635384093769981,
      0.6975864107956362,
      0.6287856236138307,
      0.5719449172544357
    ],
    "train_acc": [
      43.85,
      58.008,
      63.558,
      67.778,
      70.93,
      73.626,
      75.938,
      78.498,
      80.54
    ],
    "test_loss": [
      1.3300140673360124,
      1.1410015459639578,
      1.0607065804088458,
      1.018795415616264,
      0.9913960904739916,
      0.9961167600589057,
      1.050907220322484,
      1.1303452561838558,
      1.1822881241575978
    ],
    "test_acc": [
      53.43,
      60.03,
      62.73,
      64.48,
      65.87,
      66.27,
      65.3,
      64.46,
      64.46
    ]
  }
}