{
  "config": {
    "run_name": "exp1_1",
    "out_dir": "./results",
    "seed": 1937322328,
    "device": null,
    "bs_train": 128,
    "bs_test": 32,
    "batches": 500,
    "epochs": 100,
    "early_stopping": 3,
    "checkpoints": null,
    "lr": 0.001,
    "reg": 0.001,
    "filters_per_layer": [
      64
    ],
    "layers_per_block": 2,
    "pool_every": 2,
    "hidden_dims": [
      100
    ],
    "model_type": "cnn",
    "kw": {}
  },
  "results": {
    "num_epochs": 0,
    "train_loss": [
      1.4482222066815857,
      1.0740206589174393,
      0.9163889384940457,
      0.8064189627957161,
      0.7157858924182785,
      0.6358979754435742,
      0.5639592631698569
    ],
    "train_acc": [
      48.364,
      62.444,
      68.148,
      72.02,
      75.136,
      78.042,
      80.554
    ],
    "test_loss": [
      1.1931256669017072,
      1.0425465739192292,
      0.9726959326015875,
      0.9533756731417232,
      0.9874692679213258,
      1.009708977354982,
      1.099573982409395
    ],
    "test_acc": [
      58.33,
      63.72,
      66.13,
      67.0,
      66.77,
      66.99,
      66.16
    ]
  }
}