{
  "config": {
    "run_name": "exp1_1",
    "out_dir": "./results",
    "seed": 1336347036,
    "device": null,
    "bs_train": 128,
    "bs_test": 32,
    "batches": 500,
    "epochs": 100,
    "early_stopping": 3,
    "checkpoints": null,
    "lr": 0.001,
    "reg": 0.001,
    "filters_per_layer": [
      32
    ],
    "layers_per_block": 8,
    "pool_every": 5,
    "hidden_dims": [
      100
    ],
    "model_type": "cnn",
    "kw": {}
  },
  "results": {
    "num_epochs": 0,
    "train_loss": [
      1.7293412386608855,
      1.2915598681515745,
      1.0873549673563379,
      0.942685802879236,
      0.8189300771259591,
      0.73275858301031,
      0.6600467457490808
    ],
    "train_acc": [
      36.612,
      53.39,
      61.478,
      66.686,
      71.378,
      74.422,
      76.554
    ],
    "test_loss": [
      1.394763885595547,
      1.2227882653379594,
      1.1536829159282649,
      1.0851892830845646,
      1.1801594987083166,
      1.2386669609874201,
      1.2443442055211662
    ],
    "test_acc": [
      49.13,
      56.98,
      60.05,
      62.19,
      60.25,
      60.41,
      61.45
    ]
  }
}