{
  "config": {
    "run_name": "exp1_4",
    "out_dir": "./results",
    "seed": 2136071881,
    "device": null,
    "bs_train": 128,
    "bs_test": 32,
    "batches": 500,
    "epochs": 100,
    "early_stopping": 3,
    "checkpoints": null,
    "lr": 0.001,
    "reg": 0.001,
    "filters_per_layer": [
      64,
      128,
      256
    ],
    "layers_per_block": 4,
    "pool_every": 3,
    "hidden_dims": [
      100
    ],
    "model_type": "resnet",
    "kw": {
      "max_batches": 500
    }
  },
  "results": {
    "num_epochs": 0,
    "train_loss": [
      1.76631902123961,
      1.2749772718190537,
      0.9935237952815298,
      0.8266599220997842,
      0.7101154766424232,
      0.6038035517153533,
      0.5245853824078884,
      0.44884715360753674,
      0.38868959236632833,
      0.34360572444203563
    ],
    "train_acc": [
      33.39,
      53.366,
      64.572,
      70.802,
      75.112,
      79.09,
      81.624,
      84.15,
      86.422,
      87.776
    ],
    "test_loss": [
      1.4733134991825578,
      1.0991321112782049,
      0.962735112101887,
      0.9441404494995507,
      0.8251787374575679,
      0.8842397086536542,
      0.7976530032416883,
      0.8784207962572385,
      0.9495322133024661,
      0.938145744153105
    ],
    "test_acc": [
      45.07,
      60.63,
      66.17,
      68.46,
      71.79,
      70.7,
      74.77,
      74.39,
      73.01,
      73.98
    ]
  }
}