{
  "config": {
    "run_name": "exp1_1",
    "out_dir": "./results",
    "seed": 235696773,
    "device": null,
    "bs_train": 128,
    "bs_test": 32,
    "batches": 500,
    "epochs": 100,
    "early_stopping": 3,
    "checkpoints": null,
    "lr": 0.001,
    "reg": 0.001,
    "filters_per_layer": [
      32
    ],
    "layers_per_block": 4,
    "pool_every": 3,
    "hidden_dims": [
      100
    ],
    "model_type": "cnn",
    "kw": {}
  },
  "results": {
    "num_epochs": 0,
    "train_loss": [
      1.5955908889965633,
      1.1480720695632194,
      0.9614081419337436,
      0.8390259413463076,
      0.7370259706931346,
      0.6510237281584679,
      0.5863414091222426,
      0.5278757002652453
    ],
    "train_acc": [
      42.282,
      59.362,
      66.044,
      70.542,
      74.234,
      77.304,
      79.578,
      81.408
    ],
    "test_loss": [
      1.2943900111384286,
      1.0877518821448182,
      1.0250178815457767,
      1.0214876900084864,
      1.0198040556983825,
      1.0965341196273461,
      1.1011410064209763,
      1.1967589162028254
    ],
    "test_acc": [
      54.2,
      62.41,
      64.68,
      65.59,
      65.87,
      63.8,
      65.02,
      65.16
    ]
  }
}