{
  "config": {
    "run_name": "exp1_2",
    "out_dir": "./results",
    "seed": 212095001,
    "device": null,
    "bs_train": 128,
    "bs_test": 32,
    "batches": 500,
    "epochs": 100,
    "early_stopping": 3,
    "checkpoints": null,
    "lr": 0.001,
    "reg": 0.001,
    "filters_per_layer": [
      256
    ],
    "layers_per_block": 4,
    "pool_every": 3,
    "hidden_dims": [
      100
    ],
    "model_type": "cnn",
    "kw": {}
  },
  "results": {
    "num_epochs": 0,
    "train_loss": [
      1.5746533328005115,
      1.05880838769781,
      0.8204565023827126,
      0.6745486832640665,
      0.5586496338515026,
      0.45637687819693096,
      0.3692679636923553
    ],
    "train_acc": [
      42.906,
      62.43,
      71.504,
      76.444,
      80.548,
      84.058,
      86.912
    ],
    "test_loss": [
      1.3026909873889276,
      0.9494661081332368,
      0.8710195523100539,
      0.906590568371855,
      1.0321128772089656,
      1.0925891620282548,
      1.2416658736646367
    ],
    "test_acc": [
      53.43,
      66.5,
      69.54,
      70.04,
      68.0,
      67.09,
      66.44
    ]
  }
}