{
  "config": {
    "run_name": "exp1_2",
    "out_dir": "./results",
    "seed": 634394459,
    "device": null,
    "bs_train": 128,
    "bs_test": 32,
    "batches": 500,
    "epochs": 100,
    "early_stopping": 3,
    "checkpoints": null,
    "lr": 0.001,
    "reg": 0.001,
    "filters_per_layer": [
      64
    ],
    "layers_per_block": 8,
    "pool_every": 5,
    "hidden_dims": [
      100
    ],
    "model_type": "cnn",
    "kw": {}
  },
  "results": {
    "num_epochs": 0,
    "train_loss": [
      1.671414972876039,
      1.140204388162364,
      0.8769154268152574,
      0.7075603514376199,
      0.5863202185277134,
      0.49322603425711314,
      0.3957551141529132
    ],
    "train_acc": [
      39.144,
      59.246,
      69.146,
      75.206,
      79.392,
      82.558,
      86.036
    ],
    "test_loss": [
      1.3299447446585464,
      1.0087884774985023,
      0.9487627413326178,
      0.9048896765175719,
      1.014779087834465,
      1.116303465236871,
      1.3448995279427916
    ],
    "test_acc": [
      52.73,
      64.36,
      67.27,
      69.12,
      67.89,
      67.43,
      68.05
    ]
  }
}