{
  "config": {
    "run_name": "exp1_1",
    "out_dir": "./results",
    "seed": 1777213877,
    "device": null,
    "bs_train": 128,
    "bs_test": 32,
    "batches": 500,
    "epochs": 100,
    "early_stopping": 3,
    "checkpoints": null,
    "lr": 0.001,
    "reg": 0.001,
    "filters_per_layer": [
      32
    ],
    "layers_per_block": 16,
    "pool_every": 9,
    "hidden_dims": [
      100
    ],
    "model_type": "cnn",
    "kw": {}
  },
  "results": {
    "num_epochs": 0,
    "train_loss": [
      1.9034305192015666,
      1.444058859744645,
      1.2529111896329523,
      1.11258277990629,
      1.009275236398058,
      0.9336268432304987,
      0.8776733710637787,
      0.8191558759840553,
      0.7676290916969709,
      0.71033846569793,
      0.6720736374330643,
      0.641860376538523
    ],
    "train_acc": [
      28.792,
      47.162,
      54.802,
      60.24,
      64.0,
      66.858,
      68.924,
      71.028,
      72.768,
      74.79,
      76.062,
      77.074
    ],
    "test_loss": [
      1.553549574586911,
      1.3622791424346046,
      1.2212453238880292,
      1.1692738883411542,
      1.1436398052179013,
      1.1131426046450679,
      1.1223367806821585,
      1.1970729645067892,
      1.1719135125985922,
      1.3382230033508886,
      1.4069513192953773,
      1.646558085188698
    ],
    "test_acc": [
      42.99,
      50.47,
      56.07,
      58.88,
      60.22,
      61.52,
      61.69,
      60.23,
      62.29,
      60.05,
      60.41,
      57.63
    ]
  }
}