{
  "config": {
    "run_name": "exp1_1",
    "out_dir": "./results",
    "seed": 95044470,
    "device": null,
    "bs_train": 128,
    "bs_test": 32,
    "batches": 500,
    "epochs": 100,
    "early_stopping": 3,
    "checkpoints": null,
    "lr": 0.001,
    "reg": 0.001,
    "filters_per_layer": [
      64
    ],
    "layers_per_block": 4,
    "pool_every": 3,
    "hidden_dims": [
      100
    ],
    "model_type": "cnn",
    "kw": {}
  },
  "results": {
    "num_epochs": 0,
    "train_loss": [
      1.5404728647997923,
      1.0759002607496804,
      0.8458475956831442,
      0.7069789564518063,
      0.5805699185032369,
      0.4946036180266944,
      0.40298696064278294,
      0.30832244794996805
    ],
    "train_acc": [
      44.25,
      61.818,
      70.2,
      75.43,
      79.51,
      82.64,
      85.606,
      89.126
    ],
    "test_loss": [
      1.2296794854794828,
      1.0009256673697084,
      0.9358499057757588,
      0.9328164780101837,
      0.9623715336711262,
      1.096599834795577,
      1.299608419497554,
      1.56016603902506
    ],
    "test_acc": [
      56.6,
      65.4,
      67.93,
      68.31,
      68.64,
      67.98,
      66.99,
      66.66
    ]
  }
}