{
  "config": {
    "run_name": "exp1_1",
    "out_dir": "./results",
    "seed": 377401800,
    "device": null,
    "bs_train": 128,
    "bs_test": 32,
    "batches": 500,
    "epochs": 100,
    "early_stopping": 3,
    "checkpoints": null,
    "lr": 0.001,
    "reg": 0.001,
    "filters_per_layer": [
      32
    ],
    "layers_per_block": 2,
    "pool_every": 2,
    "hidden_dims": [
      100
    ],
    "model_type": "cnn",
    "kw": {}
  },
  "results": {
    "num_epochs": 0,
    "train_loss": [
      1.5452997934482897,
      1.1546488027743367,
      1.0043091444713075,
      0.9032271207141145,
      0.8203014168897858,
      0.7518442451496563,
      0.6876976227821292,
      0.6262234348775176,
      0.5706126025265745
    ],
    "train_acc": [
      44.714,
      59.406,
      64.882,
      68.544,
      71.41,
      73.774,
      76.122,
      78.44,
      80.478
    ],
    "test_loss": [
      1.2711291815907049,
      1.1012117916021864,
      1.0416504491251497,
      0.9977282441843051,
      0.9821538468138479,
      0.9890664195100339,
      1.0332299375686402,
      1.0876357593475439,
      1.113879901532548
    ],
    "test_acc": [
      55.25,
      61.51,
      63.35,
      64.96,
      65.89,
      66.39,
      65.64,
      65.32,
      65.46
    ]
  }
}