{
  "config": {
    "run_name": "exp1_1",
    "out_dir": "./results",
    "seed": 538569590,
    "device": null,
    "bs_train": 128,
    "bs_test": 32,
    "batches": 100,
    "epochs": 100,
    "early_stopping": 3,
    "checkpoints": null,
    "lr": 0.001,
    "reg": 0.001,
    "filters_per_layer": [
      64
    ],
    "layers_per_block": 16,
    "pool_every": 7,
    "hidden_dims": [
      100
    ],
    "model_type": "cnn",
    "kw": {
      "max_batches": 100
    }
  },
  "results": {
    "num_epochs": 0,
    "train_loss": [
      2.3031492614746094,
      2.3026882934570314,
      2.30265625,
      2.302525634765625,
      2.3024723815917967
    ],
    "train_acc": [
      10.046875,
      10.2265625,
      10.09375,
      10.328125,
      10.3515625
    ],
    "test_loss": [
      2.3024754333496094,
      2.3025048828125,
      2.3024755859375,
      2.3024783325195313,
      2.3025245666503906
    ],
    "test_acc": [
      10.46875,
      10.5,
      10.125,
      10.125,
      10.125
    ]
  }
}