{
  "config": {
    "run_name": "exp1_3",
    "out_dir": "./results",
    "seed": 1016016227,
    "device": null,
    "bs_train": 128,
    "bs_test": 32,
    "batches": 100,
    "epochs": 100,
    "early_stopping": 3,
    "checkpoints": null,
    "lr": 0.001,
    "reg": 0.001,
    "filters_per_layer": [
      64,
      128,
      256
    ],
    "layers_per_block": 4,
    "pool_every": 5,
    "hidden_dims": [
      100
    ],
    "model_type": "cnn",
    "kw": {
      "max_batches": 100
    }
  },
  "results": {
    "num_epochs": 0,
    "train_loss": [
      2.3037046813964843,
      2.304903564453125,
      2.3047085571289063,
      2.307053985595703,
      2.3031922912597658
    ],
    "train_acc": [
      9.671875,
      10.109375,
      10.171875,
      10.4765625,
      10.1015625
    ],
    "test_loss": [
      2.303236846923828,
      2.3031240844726564,
      2.302870178222656,
      2.3030819702148437,
      2.3028070068359376
    ],
    "test_acc": [
      9.65625,
      9.84375,
      9.84375,
      9.84375,
      9.84375
    ]
  }
}