{
  "config": {
    "run_name": "exp1_2",
    "out_dir": "./results",
    "seed": 624862049,
    "device": null,
    "bs_train": 128,
    "bs_test": 32,
    "batches": 500,
    "epochs": 100,
    "early_stopping": 3,
    "checkpoints": null,
    "lr": 0.001,
    "reg": 0.001,
    "filters_per_layer": [
      256
    ],
    "layers_per_block": 2,
    "pool_every": 2,
    "hidden_dims": [
      100
    ],
    "model_type": "cnn",
    "kw": {}
  },
  "results": {
    "num_epochs": 0,
    "train_loss": [
      1.5825482536764706,
      1.2247365185671755,
      1.1026767428268862,
      1.0163340068534208,
      0.9446639819523258,
      0.8799277693414322,
      0.8260252189148417,
      0.782104414137428,
      0.7421880463505035,
      0.7033758529311861,
      0.674437461911565,
      0.6387746279196971
    ],
    "train_acc": [
      43.226,
      56.566,
      60.976,
      64.104,
      66.808,
      68.936,
      71.004,
      72.662,
      73.974,
      75.218,
      76.378,
      77.592
    ],
    "test_loss": [
      1.31197505865615,
      1.1716663494658546,
      1.1148216564434406,
      1.0962110038001698,
      1.0907706848729533,
      1.0930933358189396,
      1.11244869536866,
      1.1117482535755292,
      1.1346659797449081,
      1.1835165298023163,
      1.2357796860959964,
      1.29114257032498
    ],
    "test_acc": [
      53.06,
      58.22,
      60.05,
      60.82,
      61.43,
      62.28,
      62.17,
      62.45,
      62.56,
      62.26,
      61.59,
      61.61
    ]
  }
}