{
  "config": {
    "run_name": "exp1_3",
    "out_dir": "./results",
    "seed": 208873237,
    "device": null,
    "bs_train": 128,
    "bs_test": 32,
    "batches": 500,
    "epochs": 100,
    "early_stopping": 3,
    "checkpoints": null,
    "lr": 0.001,
    "reg": 0.001,
    "filters_per_layer": [
      64,
      128,
      256
    ],
    "layers_per_block": 2,
    "pool_every": 2,
    "hidden_dims": [
      100
    ],
    "model_type": "cnn",
    "kw": {}
  },
  "results": {
    "num_epochs": 0,
    "train_loss": [
      1.74199752612492,
      1.2439061625839194,
      1.0066654761429028,
      0.854472987182305,
      0.7382884306066176,
      0.6527034827815298,
      0.5827372519256514,
      0.5083499918203525,
      0.4530612330912324,
      0.417480429724964,
      0.36007128469169597,
      0.31349346034057307,
      0.29712790174557424,
      0.255849208978131,
      0.21264449409816577,
      0.2016124481435322,
      0.1973201234627258
    ],
    "train_acc": [
      35.494,
      55.208,
      64.224,
      69.852,
      74.13,
      77.224,
      79.55,
      82.18,
      83.95,
      85.366,
      87.066,
      88.822,
      89.344,
      90.668,
      92.36,
      92.712,
      92.96
    ],
    "test_loss": [
      1.4151981829073483,
      1.0984866596258487,
      1.0166245725589058,
      0.891878658209365,
      0.8665122132712659,
      0.8211005945175219,
      0.8565342327276357,
      0.8855848220971446,
      0.9197552470734325,
      0.9503893379967052,
      0.9721396936776158,
      1.030868189022564,
      1.1259626199643071,
      1.2248417180947984,
      1.2910939177004292,
      1.3219602542182507,
      1.3066484250199681
    ],
    "test_acc": [
      49.03,
      60.75,
      64.85,
      69.17,
      70.71,
      72.22,
      71.69,
      71.93,
      72.38,
      71.37,
      72.07,
      71.9,
      72.44,
      74.05,
      73.75,
      72.51,
      72.37
    ]
  }
}