{
  "config": {
    "run_name": "exp1_2",
    "out_dir": "./results",
    "seed": 1287516308,
    "device": null,
    "bs_train": 128,
    "bs_test": 32,
    "batches": 100,
    "epochs": 100,
    "early_stopping": 3,
    "checkpoints": null,
    "lr": 0.001,
    "reg": 0.001,
    "filters_per_layer": [
      128
    ],
    "layers_per_block": 8,
    "pool_every": 7,
    "hidden_dims": [
      100
    ],
    "model_type": "cnn",
    "kw": {
      "max_batches": 100
    }
  },
  "results": {
    "num_epochs": 0,
    "train_loss": [
      2.067294006347656,
      1.75772216796875,
      1.5398593139648438,
      1.3306954956054688,
      1.1615985870361327,
      1.0203225708007813,
      0.8814517211914062,
      0.8033306121826171
    ],
    "train_acc": [
      23.3984375,
      34.859375,
      44.875,
      52.625,
      58.734375,
      63.84375,
      68.5625,
      71.546875
    ],
    "test_loss": [
      1.8732403564453124,
      1.6609754943847657,
      1.5372325134277345,
      1.4059466552734374,
      1.407954864501953,
      1.5637042236328125,
      1.6177676391601563,
      1.6473109436035156
    ],
    "test_acc": [
      29.5,
      40.28125,
      46.0625,
      50.21875,
      51.21875,
      49.84375,
      49.9375,
      49.5
    ]
  }
}