{
  "config": {
    "run_name": "exp1_3",
    "out_dir": "./results",
    "seed": 11850589,
    "device": null,
    "bs_train": 128,
    "bs_test": 32,
    "batches": 500,
    "epochs": 100,
    "early_stopping": 3,
    "checkpoints": null,
    "lr": 0.001,
    "reg": 0.001,
    "filters_per_layer": [
      64,
      128,
      256
    ],
    "layers_per_block": 1,
    "pool_every": 1,
    "hidden_dims": [
      100
    ],
    "model_type": "cnn",
    "kw": {}
  },
  "results": {
    "num_epochs": 0,
    "train_loss": [
      1.556611278172954,
      1.1157776815507112,
      0.9282105584888507,
      0.8069938015754875,
      0.7126798898057864,
      0.6401071767977742,
      0.5828738395515305,
      0.523024927319773,
      0.47475322128256875,
      0.4208729931765505,
      0.3825630909951447,
      0.3468592807155131,
      0.30451315565182424,
      0.2716582120227082
    ],
    "train_acc": [
      43.12,
      60.57,
      67.474,
      71.948,
      75.49,
      78.082,
      79.798,
      82.052,
      83.534,
      85.388,
      86.686,
      87.708,
      89.15,
      90.278
    ],
    "test_loss": [
      1.2727819083216854,
      1.0570450560353435,
      0.9292298338283747,
      0.8329757349178813,
      0.8019246354270667,
      0.8117981444532498,
      0.8353608835238618,
      0.8303170006115216,
      0.9017068783696086,
      0.9273877616126698,
      0.9153554508099541,
      1.0162958017172523,
      1.0538512403591753,
      1.0607378779889676
    ],
    "test_acc": [
      54.83,
      63.45,
      68.31,
      71.48,
      72.51,
      72.41,
      71.65,
      72.82,
      72.25,
      72.3,
      73.8,
      72.39,
      72.06,
      72.79
    ]
  }
}