{
  "config": {
    "run_name": "exp1_2",
    "out_dir": "./results",
    "seed": 2147057240,
    "device": null,
    "bs_train": 128,
    "bs_test": 32,
    "batches": 500,
    "epochs": 100,
    "early_stopping": 3,
    "checkpoints": null,
    "lr": 0.001,
    "reg": 0.001,
    "filters_per_layer": [
      256
    ],
    "layers_per_block": 8,
    "pool_every": 5,
    "hidden_dims": [
      100
    ],
    "model_type": "cnn",
    "kw": {}
  },
  "results": {
    "num_epochs": 0,
    "train_loss": [
      1.8196273764685902,
      1.3136735608815537,
      1.0383274244225544,
      0.844632746313539,
      0.6909584767373321,
      0.5891099622487412,
      0.48527171727641466
    ],
    "train_acc": [
      32.942,
      52.548,
      63.188,
      70.39,
      75.544,
      79.236,
      82.908
    ],
    "test_loss": [
      1.5055018415847146,
      1.2358070836661341,
      1.061490482415635,
      1.0209317435852636,
      1.0831169152793032,
      1.0834908287365215,
      1.2414490331095247
    ],
    "test_acc": [
      46.16,
      56.47,
      63.62,
      65.93,
      65.67,
      65.05,
      63.08
    ]
  }
}