{
  "config": {
    "run_name": "exp1_4",
    "out_dir": "./results",
    "seed": 833120093,
    "device": null,
    "bs_train": 128,
    "bs_test": 32,
    "batches": 500,
    "epochs": 100,
    "early_stopping": 3,
    "checkpoints": null,
    "lr": 0.001,
    "reg": 0.001,
    "filters_per_layer": [
      64,
      128,
      256
    ],
    "layers_per_block": 8,
    "pool_every": 5,
    "hidden_dims": [
      100
    ],
    "model_type": "resnet",
    "kw": {
      "max_batches": 500
    }
  },
  "results": {
    "num_epochs": 0,
    "train_loss": [
      1.8642256558703645,
      1.4037469341931745,
      1.1564757988580963,
      0.975396041674992,
      0.8581546090752877,
      0.778322497902014,
      0.7058796992387308,
      0.6519001133911445,
      0.6015275725928109,
      0.5583256089778812,
      0.5135075795985854,
      0.47329313858695654,
      0.43511666300351665,
      0.3997913175226782,
      0.37798116152243844
    ],
    "train_acc": [
      29.782,
      48.256,
      58.26,
      64.948,
      69.32,
      72.46,
      75.158,
      77.032,
      78.792,
      80.218,
      81.858,
      83.344,
      84.54,
      85.824,
      86.372
    ],
    "test_loss": [
      1.554919940595048,
      1.306698930149261,
      1.1878924385046425,
      0.9966087463183906,
      0.9161814729245706,
      0.8604483802478534,
      0.8196084506976338,
      0.8142690932788788,
      0.8316526565308007,
      0.8235894833890774,
      0.8404268989928614,
      0.8361871006389776,
      0.8710500698881789,
      0.8433809615552615,
      0.8754711212060703
    ],
    "test_acc": [
      41.59,
      52.57,
      58.57,
      65.22,
      68.01,
      69.82,
      71.72,
      71.86,
      71.89,
      73.05,
      73.46,
      73.87,
      72.81,
      73.58,
      73.49
    ]
  }
}