{
  "config": {
    "run_name": "exp1_2",
    "out_dir": "./results",
    "seed": 853049755,
    "device": null,
    "bs_train": 128,
    "bs_test": 32,
    "batches": 500,
    "epochs": 100,
    "early_stopping": 3,
    "checkpoints": null,
    "lr": 0.001,
    "reg": 0.001,
    "filters_per_layer": [
      32
    ],
    "layers_per_block": 4,
    "pool_every": 3,
    "hidden_dims": [
      100
    ],
    "model_type": "cnn",
    "kw": {}
  },
  "results": {
    "num_epochs": 0,
    "train_loss": [
      1.598784229639546,
      1.1808213333949409,
      0.9843892831631633,
      0.8439688524016944,
      0.7376366344559223,
      0.6640392410785646,
      0.592271497487412,
      0.534066670995844
    ],
    "train_acc": [
      42.364,
      57.964,
      65.122,
      70.328,
      74.204,
      76.988,
      79.396,
      81.508
    ],
    "test_loss": [
      1.3229461767422124,
      1.125015600039936,
      0.982904306235024,
      0.9517297714282149,
      0.9662502886007388,
      1.0610698663388578,
      1.16629886322509,
      1.2706478228584266
    ],
    "test_acc": [
      53.14,
      60.29,
      65.52,
      67.21,
      67.78,
      66.2,
      65.15,
      63.9
    ]
  }
}