{
  "config": {
    "run_name": "exp1_1",
    "out_dir": "./results",
    "seed": 2059847619,
    "device": null,
    "bs_train": 128,
    "bs_test": 32,
    "batches": 500,
    "epochs": 100,
    "early_stopping": 3,
    "checkpoints": null,
    "lr": 0.001,
    "reg": 0.001,
    "filters_per_layer": [
      64
    ],
    "layers_per_block": 8,
    "pool_every": 5,
    "hidden_dims": [
      100
    ],
    "model_type": "cnn",
    "kw": {}
  },
  "results": {
    "num_epochs": 0,
    "train_loss": [
      1.721258217111573,
      1.2051689752837276,
      0.9504429653782369,
      0.7777597568833919,
      0.6683431561950528,
      0.5671016371158688
    ],
    "train_acc": [
      37.42,
      56.974,
      66.506,
      72.65,
      76.558,
      79.818
    ],
    "test_loss": [
      1.317712168343151,
      1.091445776601188,
      0.9727588202625799,
      1.0257625884522263,
      1.1000633361621406,
      1.4026725208416533
    ],
    "test_acc": [
      52.16,
      62.07,
      67.0,
      66.41,
      65.8,
      63.24
    ]
  }
}