{
  "config": {
    "run_name": "exp1_4",
    "out_dir": "./results",
    "seed": 1936749408,
    "device": null,
    "bs_train": 128,
    "bs_test": 32,
    "batches": 500,
    "epochs": 100,
    "early_stopping": 3,
    "checkpoints": null,
    "lr": 0.0005,
    "reg": 0.001,
    "filters_per_layer": [
      64,
      128,
      256
    ],
    "layers_per_block": 2,
    "pool_every": 2,
    "hidden_dims": [
      100
    ],
    "model_type": "resnet",
    "kw": {
      "max_batches": 500
    }
  },
  "results": {
    "num_epochs": 0,
    "train_loss": [
      1.6541198574368605,
      1.230182774536445,
      1.0348830747482416,
      0.8988265015585039,
      0.7944096323779172,
      0.7176188983575768,
      0.6432986052139945,
      0.5835443286944533,
      0.5304006200922115,
      0.4749982594833959,
      0.4354126679013147,
      0.3961634721292559
    ],
    "train_acc": [
      38.906,
      55.848,
      63.44,
      68.372,
      71.998,
      75.112,
      77.762,
      79.726,
      81.784,
      83.748,
      84.95,
      86.308
    ],
    "test_loss": [
      1.3769449349790335,
      1.0959810982116114,
      0.9605265364479333,
      0.8719999173197883,
      0.8118436770698133,
      0.7480644737950529,
      0.7060547850002497,
      0.6899448675088609,
      0.6880763727255141,
      0.6960746594511282,
      0.7638551267191244,
      0.8489878109087959
    ],
    "test_acc": [
      50.95,
      61.06,
      66.05,
      69.43,
      71.95,
      73.83,
      75.23,
      76.28,
      76.54,
      76.63,
      74.56,
      73.15
    ]
  }
}