{
  "config": {
    "run_name": "exp1_1",
    "out_dir": "./results",
    "seed": 873882345,
    "device": null,
    "bs_train": 128,
    "bs_test": 32,
    "batches": 500,
    "epochs": 100,
    "early_stopping": 3,
    "checkpoints": null,
    "lr": 0.0005,
    "reg": 0.001,
    "filters_per_layer": [
      32
    ],
    "layers_per_block": 2,
    "pool_every": 2,
    "hidden_dims": [
      50
    ],
    "model_type": "cnn",
    "kw": {
      "max_batches": 500
    }
  },
  "results": {
    "num_epochs": 0,
    "train_loss": [
      1.650329745943894,
      1.2900771509351023,
      1.1770972522628276,
      1.0943256973305626,
      1.029144365159447,
      0.9773464349224744,
      0.934304708105219,
      0.8976931364639945,
      0.8647680258202126,
      0.8346994697590313,
      0.8073747639765825,
      0.7820236323129796,
      0.7571820115189418,
      0.7331014569763028,
      0.7099392395800032,
      0.6862439401924153
    ],
    "train_acc": [
      41.356,
      54.408,
      58.694,
      61.732,
      64.164,
      65.932,
      67.656,
      69.102,
      70.302,
      71.28,
      72.23,
      73.112,
      74.006,
      74.918,
      75.748,
      76.59
    ],
    "test_loss": [
      1.3857796275958467,
      1.2399018016486123,
      1.1748741076777156,
      1.1204439108364117,
      1.0797144490689896,
      1.0478192899173822,
      1.027701673416284,
      1.00931400384385,
      0.9969459021815096,
      0.987181154683756,
      0.9826488555810703,
      0.9784163697459065,
      0.9745935799595647,
      0.9764618797424122,
      0.9819376887604833,
      0.9865111329685003
    ],
    "test_acc": [
      51.15,
      56.21,
      58.44,
      60.56,
      62.02,
      63.5,
      64.32,
      65.06,
      65.47,
      65.89,
      66.19,
      66.34,
      66.56,
      66.65,
      66.49,
      66.19
    ]
  }
}