{
  "config": {
    "run_name": "exp1_1",
    "out_dir": "./results",
    "seed": 1036479696,
    "device": null,
    "bs_train": 128,
    "bs_test": 32,
    "batches": 500,
    "epochs": 100,
    "early_stopping": 3,
    "checkpoints": null,
    "lr": 0.0005,
    "reg": 0.001,
    "filters_per_layer": [
      64
    ],
    "layers_per_block": 16,
    "pool_every": 9,
    "hidden_dims": [
      50
    ],
    "model_type": "cnn",
    "kw": {
      "max_batches": 500
    }
  },
  "results": {
    "num_epochs": 0,
    "train_loss": [
      2.303724206012228,
      2.3030885662264224,
      2.3029936573389547
    ],
    "train_acc": [
      9.596,
      9.952,
      9.91
    ],
    "test_loss": [
      2.302948680548622,
      2.3028412352735623,
      2.3028219302241415
    ],
    "test_acc": [
      10.0,
      10.0,
      10.0
    ]
  }
}