{
  "config": {
    "run_name": "exp1_2",
    "out_dir": "./results",
    "seed": 1859732345,
    "device": null,
    "bs_train": 128,
    "bs_test": 32,
    "batches": 500,
    "epochs": 100,
    "early_stopping": 3,
    "checkpoints": null,
    "lr": 0.0005,
    "reg": 0.001,
    "filters_per_layer": [
      32
    ],
    "layers_per_block": 8,
    "pool_every": 7,
    "hidden_dims": [
      100
    ],
    "model_type": "cnn",
    "kw": {
      "max_batches": 500
    }
  },
  "results": {
    "num_epochs": 0,
    "train_loss": [
      2.303246383471867,
      2.302902807055227,
      2.3028615966172477
    ],
    "train_acc": [
      9.738,
      9.676,
      9.832
    ],
    "test_loss": [
      2.3026920598916734,
      2.302714094948083,
      2.3026881598816895
    ],
    "test_acc": [
      10.0,
      10.0,
      10.0
    ]
  }
}