{
  "config": {
    "run_name": "exp1_2",
    "out_dir": "./results",
    "seed": 2098225853,
    "device": null,
    "bs_train": 128,
    "bs_test": 32,
    "batches": 500,
    "epochs": 100,
    "early_stopping": 3,
    "checkpoints": null,
    "lr": 0.0005,
    "reg": 0.001,
    "filters_per_layer": [
      32
    ],
    "layers_per_block": 2,
    "pool_every": 2,
    "hidden_dims": [
      100
    ],
    "model_type": "cnn",
    "kw": {
      "max_batches": 500
    }
  },
  "results": {
    "num_epochs": 0,
    "train_loss": [
      1.6282217508691657,
      1.2729793460777654,
      1.1420624481747523,
      1.047339554028133,
      0.9714815964174393,
      0.909300665111493,
      0.8561733860493926,
      0.809858473365569,
      0.7685638193584159,
      0.7310069052459639,
      0.6956669253766384,
      0.6606744244275495,
      0.6262793187290201,
      0.5926082054977222
    ],
    "train_acc": [
      42.382,
      54.944,
      59.982,
      63.36,
      66.05,
      68.466,
      70.562,
      72.074,
      73.586,
      74.96,
      76.216,
      77.442,
      78.874,
      80.08
    ],
    "test_loss": [
      1.3730995251347844,
      1.22827635938748,
      1.1433870845709364,
      1.0627605206669328,
      1.008576901956869,
      0.976899168361871,
      0.9561917728509385,
      0.9442578398000699,
      0.9356279952076677,
      0.9333727169341554,
      0.9367787906537041,
      0.9438514587597344,
      0.9596317766573482,
      0.9809755562974242
    ],
    "test_acc": [
      51.05,
      56.89,
      59.89,
      62.95,
      64.76,
      65.75,
      66.58,
      67.27,
      67.58,
      68.07,
      68.18,
      68.28,
      68.02,
      67.69
    ]
  }
}