{
  "config": {
    "run_name": "exp1_4",
    "out_dir": "./results",
    "seed": 410938178,
    "device": null,
    "bs_train": 128,
    "bs_test": 32,
    "batches": 500,
    "epochs": 100,
    "early_stopping": 3,
    "checkpoints": null,
    "lr": 0.0005,
    "reg": 0.001,
    "filters_per_layer": [
      32
    ],
    "layers_per_block": 16,
    "pool_every": 5,
    "hidden_dims": [
      100
    ],
    "model_type": "resnet",
    "kw": {
      "max_batches": 500
    }
  },
  "results": {
    "num_epochs": 0,
    "train_loss": [
      1.8561510637288203,
      1.5414669105159047,
      1.4102536564897699,
      1.3123521731637628,
      1.2166185305856378,
      1.1213713741058584,
      1.035625330932305,
      0.9697342894571211,
      0.913660151879196,
      0.8669229102561541,
      0.8275137118366368,
      0.7931470163642903,
      0.7598292358086237,
      0.7317316782139146,
      0.7073938706341911,
      0.6871784337036445
    ],
    "train_acc": [
      31.698,
      43.92,
      48.722,
      52.362,
      56.094,
      59.714,
      63.102,
      65.726,
      67.76,
      69.34,
      70.856,
      71.94,
      73.078,
      74.13,
      75.014,
      75.808
    ],
    "test_loss": [
      1.594045913257538,
      1.440908901226787,
      1.3656032184442393,
      1.2650812411079773,
      1.1762178561177117,
      1.0984452220197685,
      1.0303418826752198,
      0.953002442186252,
      0.9118514868398063,
      0.8851383684542232,
      0.8626166882987221,
      0.8439277429550219,
      0.8270462572384185,
      0.817588879277531,
      0.8191356719873203,
      0.8242484875761282
    ],
    "test_acc": [
      41.76,
      47.42,
      51.06,
      54.34,
      58.11,
      61.12,
      63.54,
      66.66,
      68.07,
      69.18,
      69.77,
      70.86,
      71.47,
      71.67,
      71.66,
      71.64
    ]
  }
}