{
  "config": {
    "run_name": "exp1_4",
    "out_dir": "./results",
    "seed": 1727313288,
    "device": null,
    "bs_train": 128,
    "bs_test": 32,
    "batches": 500,
    "epochs": 100,
    "early_stopping": 3,
    "checkpoints": null,
    "lr": 0.0005,
    "reg": 0.001,
    "filters_per_layer": [
      64,
      128,
      256
    ],
    "layers_per_block": 4,
    "pool_every": 3,
    "hidden_dims": [
      100
    ],
    "model_type": "resnet",
    "kw": {
      "max_batches": 500
    }
  },
  "results": {
    "num_epochs": 0,
    "train_loss": [
      1.8937491882792519,
      1.520353117257433,
      1.267687785351063,
      1.1180245089713874,
      1.0123635216442215,
      0.9228690457161125,
      0.8557299835907529,
      0.7925443137088395,
      0.7386192848615329,
      0.68423360448969,
      0.6343658525315697,
      0.5952900840193415,
      0.559915059667719,
      0.5366618749125839,
      0.5010200754151015,
      0.47424222746163686,
      0.44612203534606776,
      0.42426977133202126,
      0.409990120421895,
      0.37809726100443575,
      0.3541906410470948
    ],
    "train_acc": [
      28.758,
      42.958,
      53.458,
      59.47,
      63.552,
      66.862,
      69.402,
      71.884,
      73.746,
      75.864,
      77.644,
      79.088,
      80.358,
      81.094,
      82.46,
      83.46,
      84.408,
      84.954,
      85.44,
      86.714,
      87.636
    ],
    "test_loss": [
      1.825904529315595,
      1.332852299601887,
      1.2269156459040536,
      1.0828747246592951,
      1.0189313309642072,
      1.0238030284357529,
      0.9349302834215255,
      0.8948399357902356,
      0.7981599557894868,
      0.7703206607708916,
      0.7244517170963958,
      0.7022069376497604,
      0.6842812730100589,
      0.6921565631708018,
      0.6996436073376348,
      0.6623713094205521,
      0.675390371499351,
      0.6719700139932359,
      0.672756597256889,
      0.6901660468250799,
      0.7264210271378295
    ],
    "test_acc": [
      32.42,
      50.14,
      54.99,
      60.77,
      63.63,
      64.35,
      67.75,
      69.28,
      72.42,
      73.9,
      75.47,
      76.26,
      76.94,
      76.87,
      76.89,
      78.07,
      77.58,
      77.95,
      78.45,
      77.93,
      77.43
    ]
  }
}