{
  "config": {
    "run_name": "exp1_2",
    "out_dir": "./results",
    "seed": 948306701,
    "device": null,
    "bs_train": 128,
    "bs_test": 32,
    "batches": 500,
    "epochs": 100,
    "early_stopping": 3,
    "checkpoints": null,
    "lr": 0.0005,
    "reg": 0.001,
    "filters_per_layer": [
      32
    ],
    "layers_per_block": 4,
    "pool_every": 3,
    "hidden_dims": [
      100
    ],
    "model_type": "cnn",
    "kw": {
      "max_batches": 500
    }
  },
  "results": {
    "num_epochs": 0,
    "train_loss": [
      1.7837496316036605,
      1.44109904491688,
      1.298677956661605,
      1.187222063693854,
      1.0903947054577605,
      0.9992657049232737,
      0.9189801228320812,
      0.8479175616408248,
      0.7836510543628117,
      0.7380230603620525,
      0.6774845367197491
    ],
    "train_acc": [
      35.332,
      48.332,
      53.49,
      57.678,
      61.408,
      64.726,
      67.65,
      70.332,
      72.608,
      74.332,
      76.492
    ],
    "test_loss": [
      1.5282580098405052,
      1.3492714391348841,
      1.2966438269081968,
      1.2279847361409246,
      1.1595542834589656,
      1.1026048751684805,
      1.0525872471233526,
      1.0354012681272464,
      1.0341117298260283,
      1.0790714349228734,
      1.148748525796226
    ],
    "test_acc": [
      45.0,
      51.21,
      54.37,
      56.86,
      59.42,
      61.27,
      63.44,
      64.26,
      64.88,
      63.77,
      62.66
    ]
  }
}