{
  "config": {
    "run_name": "exp1_2",
    "out_dir": "./results",
    "seed": 1125683262,
    "device": null,
    "bs_train": 128,
    "bs_test": 32,
    "batches": 500,
    "epochs": 100,
    "early_stopping": 3,
    "checkpoints": null,
    "lr": 0.0005,
    "reg": 0.001,
    "filters_per_layer": [
      64
    ],
    "layers_per_block": 8,
    "pool_every": 7,
    "hidden_dims": [
      100
    ],
    "model_type": "cnn",
    "kw": {
      "max_batches": 500
    }
  },
  "results": {
    "num_epochs": 0,
    "train_loss": [
      1.8433744230538682,
      1.445859474904092,
      1.2320984355019182,
      1.0639600826956122,
      0.9283825027973146,
      0.8223092549902093,
      0.7092897849314658,
      0.6303302735623801,
      0.5570657247167718
    ],
    "train_acc": [
      31.886,
      48.058,
      55.856,
      62.422,
      67.15,
      71.092,
      75.252,
      77.776,
      80.26
    ],
    "test_loss": [
      1.5628799584726938,
      1.331576216335114,
      1.2192012311551517,
      1.1505069427977737,
      1.1397634877945289,
      1.172028075391873,
      1.2660191935091354,
      1.4756535051729733,
      1.6289691376609925
    ],
    "test_acc": [
      44.18,
      52.69,
      57.19,
      60.05,
      61.11,
      61.23,
      61.49,
      59.22,
      59.39
    ]
  }
}