{
  "config": {
    "run_name": "exp1_1",
    "out_dir": "./results",
    "seed": 687307033,
    "device": null,
    "bs_train": 128,
    "bs_test": 32,
    "batches": 500,
    "epochs": 100,
    "early_stopping": 3,
    "checkpoints": null,
    "lr": 0.0005,
    "reg": 0.001,
    "filters_per_layer": [
      32
    ],
    "layers_per_block": 4,
    "pool_every": 3,
    "hidden_dims": [
      50
    ],
    "model_type": "cnn",
    "kw": {
      "max_batches": 500
    }
  },
  "results": {
    "num_epochs": 0,
    "train_loss": [
      1.8141395198109815,
      1.472290975663363,
      1.3562873391544117,
      1.2653869472806105,
      1.1755874516713956,
      1.0997192695012787,
      1.0322741730438778,
      0.9725860049352621,
      0.9190930612861653,
      0.8723674491238411,
      0.8296357371922954,
      0.7901184394231537,
      0.7539200648627318,
      0.720114237207281,
      0.6886939319503277,
      0.6575560118536206
    ],
    "train_acc": [
      33.87,
      47.11,
      51.38,
      54.842,
      58.148,
      61.026,
      63.444,
      65.692,
      67.816,
      69.652,
      71.052,
      72.582,
      73.93,
      75.148,
      76.062,
      77.282
    ],
    "test_loss": [
      1.5401328577401159,
      1.4393716147913338,
      1.3221663697459065,
      1.256632064478085,
      1.181964130828175,
      1.1107855361109724,
      1.0664896127134085,
      1.027517787945537,
      1.0046970745245107,
      0.9825723178851338,
      0.9668253450728834,
      0.9608788048497404,
      0.9586708141972844,
      0.9725505597294329,
      0.9944703708441494,
      1.0270712368023662
    ],
    "test_acc": [
      44.33,
      49.01,
      53.09,
      55.73,
      57.78,
      60.37,
      62.2,
      63.91,
      64.68,
      65.89,
      65.83,
      66.46,
      67.1,
      67.21,
      66.97,
      66.68
    ]
  }
}