{
  "config": {
    "run_name": "exp1_3",
    "out_dir": "./results",
    "seed": 804546112,
    "device": null,
    "bs_train": 128,
    "bs_test": 32,
    "batches": 500,
    "epochs": 100,
    "early_stopping": 3,
    "checkpoints": null,
    "lr": 0.0005,
    "reg": 0.001,
    "filters_per_layer": [
      64,
      128,
      256
    ],
    "layers_per_block": 3,
    "pool_every": 2,
    "hidden_dims": [
      100
    ],
    "model_type": "cnn",
    "kw": {
      "max_batches": 500
    }
  },
  "results": {
    "num_epochs": 0,
    "train_loss": [
      2.303101834738651,
      2.302805556665601,
      2.302746706911365
    ],
    "train_acc": [
      9.81,
      9.846,
      9.838
    ],
    "test_loss": [
      2.3026805548622202,
      2.3026333647414137,
      2.3026148396939896
    ],
    "test_acc": [
      10.0,
      10.0,
      10.0
    ]
  }
}