{
  "config": {
    "run_name": "exp1_1",
    "out_dir": "./results",
    "seed": 89465649,
    "device": null,
    "bs_train": 128,
    "bs_test": 32,
    "batches": 500,
    "epochs": 100,
    "early_stopping": 3,
    "checkpoints": null,
    "lr": 0.0005,
    "reg": 0.001,
    "filters_per_layer": [
      64
    ],
    "layers_per_block": 4,
    "pool_every": 3,
    "hidden_dims": [
      50
    ],
    "model_type": "cnn",
    "kw": {
      "max_batches": 500
    }
  },
  "results": {
    "num_epochs": 0,
    "train_loss": [
      1.688823573119805,
      1.307056631883392,
      1.1251776419637147,
      0.9990382670136668,
      0.8916118651094949,
      0.8045293705542679,
      0.7381235108046276,
      0.6655936863111414,
      0.5923701918033688,
      0.5325636997857057
    ],
    "train_acc": [
      38.63,
      53.234,
      60.148,
      64.958,
      68.824,
      71.948,
      74.396,
      77.01,
      79.71,
      81.596
    ],
    "test_loss": [
      1.453034422268121,
      1.2116930294341552,
      1.1139360616763179,
      1.0469456876809604,
      0.9767809005591054,
      0.9335733724478334,
      0.9462530849078974,
      0.9358970958965654,
      1.0023643810528156,
      1.0636268103846347
    ],
    "test_acc": [
      47.57,
      57.3,
      60.7,
      63.29,
      65.87,
      67.88,
      67.48,
      68.01,
      67.03,
      66.36
    ]
  }
}