{
  "config": {
    "run_name": "exp1_2",
    "out_dir": "./results",
    "seed": 1660116492,
    "device": null,
    "bs_train": 128,
    "bs_test": 32,
    "batches": 500,
    "epochs": 100,
    "early_stopping": 3,
    "checkpoints": null,
    "lr": 0.0005,
    "reg": 0.001,
    "filters_per_layer": [
      256
    ],
    "layers_per_block": 4,
    "pool_every": 3,
    "hidden_dims": [
      100
    ],
    "model_type": "cnn",
    "kw": {
      "max_batches": 500
    }
  },
  "results": {
    "num_epochs": 0,
    "train_loss": [
      1.5626283143182544,
      1.0214322375519502,
      0.7611589748841112,
      0.5828572148862092,
      0.4437823283397938,
      0.33156380811920555,
      0.2247689678845808
    ],
    "train_acc": [
      43.582,
      63.926,
      73.362,
      79.812,
      84.652,
      88.272,
      92.148
    ],
    "test_loss": [
      1.217822967626797,
      0.9245389018195886,
      0.8763598359811801,
      0.9288835129417932,
      0.9532061202076677,
      1.2160390055598542,
      1.4247181072783546
    ],
    "test_acc": [
      57.01,
      67.57,
      70.03,
      70.41,
      71.21,
      69.64,
      69.76
    ]
  }
}