{
  "config": {
    "run_name": "exp1_2",
    "out_dir": "./results",
    "seed": 1695762134,
    "device": null,
    "bs_train": 128,
    "bs_test": 32,
    "batches": 500,
    "epochs": 100,
    "early_stopping": 3,
    "checkpoints": null,
    "lr": 0.0005,
    "reg": 0.001,
    "filters_per_layer": [
      128
    ],
    "layers_per_block": 2,
    "pool_every": 2,
    "hidden_dims": [
      100
    ],
    "model_type": "cnn",
    "kw": {
      "max_batches": 500
    }
  },
  "results": {
    "num_epochs": 0,
    "train_loss": [
      1.478183131693574,
      1.1003071426430626,
      0.9336518973035886,
      0.8250781593420317,
      0.7371236113331202,
      0.6634723634061301,
      0.5920930359979419
    ],
    "train_acc": [
      47.012,
      61.492,
      67.458,
      71.37,
      74.614,
      77.19,
      79.718
    ],
    "test_loss": [
      1.233636728110024,
      1.0609390210038938,
      0.9732105389189797,
      0.9316287299695487,
      0.9273785965892073,
      0.9426984208079573,
      0.9785834851737221
    ],
    "test_acc": [
      56.73,
      63.14,
      66.47,
      68.29,
      68.64,
      68.38,
      68.14
    ]
  }
}