{
  "config": {
    "run_name": "exp1_2",
    "out_dir": "./results",
    "seed": 518942396,
    "device": null,
    "bs_train": 128,
    "bs_test": 32,
    "batches": 500,
    "epochs": 100,
    "early_stopping": 3,
    "checkpoints": null,
    "lr": 0.0005,
    "reg": 0.001,
    "filters_per_layer": [
      128
    ],
    "layers_per_block": 8,
    "pool_every": 5,
    "hidden_dims": [
      100
    ],
    "model_type": "cnn",
    "kw": {
      "max_batches": 500
    }
  },
  "results": {
    "num_epochs": 0,
    "train_loss": [
      1.702019654881314,
      1.1854559466662005,
      0.9065717223964994,
      0.7184071260340074,
      0.5680199352371723,
      0.46189958421165683
    ],
    "train_acc": [
      38.002,
      57.692,
      67.912,
      74.942,
      80.122,
      83.652
    ],
    "test_loss": [
      1.3104036471333367,
      1.0565628198008188,
      0.9945760611147164,
      0.9878607314234724,
      1.1235791288625698,
      1.2919172098080571
    ],
    "test_acc": [
      51.81,
      62.49,
      66.61,
      67.75,
      66.17,
      64.09
    ]
  }
}