{
  "config": {
    "run_name": "exp1_1",
    "out_dir": "./results",
    "seed": 784596576,
    "device": null,
    "bs_train": 128,
    "bs_test": 32,
    "batches": 500,
    "epochs": 100,
    "early_stopping": 3,
    "checkpoints": null,
    "lr": 0.0005,
    "reg": 0.001,
    "filters_per_layer": [
      64
    ],
    "layers_per_block": 2,
    "pool_every": 2,
    "hidden_dims": [
      50
    ],
    "model_type": "cnn",
    "kw": {
      "max_batches": 500
    }
  },
  "results": {
    "num_epochs": 0,
    "train_loss": [
      1.607666952225863,
      1.2507307047734175,
      1.1047926802769341,
      1.007438406005235,
      0.937381285840593,
      0.8837629937759751,
      0.8399388930376839,
      0.8010408445392423,
      0.7666753978680467,
      0.7343540045306506,
      0.7007461118576167,
      0.6694473305626598,
      0.6395878316191457,
      0.6140914487716792
    ],
    "train_acc": [
      42.432,
      55.58,
      61.14,
      64.818,
      67.358,
      69.452,
      70.954,
      72.428,
      73.802,
      74.866,
      76.062,
      77.194,
      78.166,
      79.144
    ],
    "test_loss": [
      1.3733033006564497,
      1.199872099172574,
      1.0967677302253893,
      1.0228821385782747,
      0.9840468141598443,
      0.9614692663613219,
      0.9470470294403953,
      0.9411747844074481,
      0.9354793073270268,
      0.9350012636032349,
      0.9380796389838758,
      0.9444257352298822,
      0.9546886115028455,
      0.9765351999301118
    ],
    "test_acc": [
      51.98,
      57.71,
      61.35,
      64.14,
      65.49,
      66.33,
      66.88,
      67.22,
      67.52,
      67.83,
      67.47,
      67.84,
      67.75,
      67.67
    ]
  }
}