{
  "config": {
    "run_name": "exp1_2",
    "out_dir": "./results",
    "seed": 1769134159,
    "device": null,
    "bs_train": 128,
    "bs_test": 32,
    "batches": 500,
    "epochs": 100,
    "early_stopping": 3,
    "checkpoints": null,
    "lr": 0.0005,
    "reg": 0.001,
    "filters_per_layer": [
      64
    ],
    "layers_per_block": 4,
    "pool_every": 3,
    "hidden_dims": [
      100
    ],
    "model_type": "cnn",
    "kw": {
      "max_batches": 500
    }
  },
  "results": {
    "num_epochs": 0,
    "train_loss": [
      1.6471164244824967,
      1.227876082710598,
      1.0301159324548435,
      0.894799117846867,
      0.7939088631164083,
      0.6901099944053708,
      0.5999234094644141,
      0.5309040820812021
    ],
    "train_acc": [
      40.202,
      56.564,
      63.692,
      68.686,
      72.362,
      76.258,
      79.386,
      81.516
    ],
    "test_loss": [
      1.3233594803002695,
      1.1422640766960364,
      1.0307794637954273,
      0.952931169503794,
      0.9189314674645567,
      0.9294517443964656,
      1.011927985535643,
      1.113113744571186
    ],
    "test_acc": [
      53.02,
      59.86,
      64.1,
      66.87,
      68.3,
      68.67,
      67.06,
      65.93
    ]
  }
}