{
  "config": {
    "run_name": "exp1_1",
    "out_dir": "./results",
    "seed": 681477654,
    "device": null,
    "bs_train": 128,
    "bs_test": 32,
    "batches": 500,
    "epochs": 100,
    "early_stopping": 3,
    "checkpoints": null,
    "lr": 0.0005,
    "reg": 0.001,
    "filters_per_layer": [
      32
    ],
    "layers_per_block": 16,
    "pool_every": 9,
    "hidden_dims": [
      100
    ],
    "model_type": "cnn",
    "kw": {
      "max_batches": 500
    }
  },
  "results": {
    "num_epochs": 0,
    "train_loss": [
      2.1401097134251117,
      1.5809440124980019,
      1.3489993356377876,
      1.2158988308723626,
      1.1068910564607977,
      1.013973694628157,
      0.9327931123621324,
      0.8642109044067695,
      0.8051839765075528
    ],
    "train_acc": [
      18.65,
      42.254,
      51.238,
      56.81,
      60.85,
      64.126,
      66.916,
      69.602,
      71.752
    ],
    "test_loss": [
      1.7487806618784945,
      1.4481053946498104,
      1.3285748661516574,
      1.267243406643121,
      1.2276680553302217,
      1.1849261884110422,
      1.2094712912465055,
      1.2586530496518071,
      1.2616924249326078
    ],
    "test_acc": [
      35.15,
      48.05,
      52.52,
      54.64,
      56.9,
      59.3,
      59.99,
      59.2,
      58.53
    ]
  }
}