{
  "config": {
    "run_name": "exp1_2",
    "out_dir": "./results",
    "seed": 1394715894,
    "device": null,
    "bs_train": 128,
    "bs_test": 32,
    "batches": 500,
    "epochs": 100,
    "early_stopping": 3,
    "checkpoints": null,
    "lr": 0.0005,
    "reg": 0.001,
    "filters_per_layer": [
      128
    ],
    "layers_per_block": 4,
    "pool_every": 3,
    "hidden_dims": [
      100
    ],
    "model_type": "cnn",
    "kw": {
      "max_batches": 500
    }
  },
  "results": {
    "num_epochs": 0,
    "train_loss": [
      1.587157110423993,
      1.1917749585398019,
      0.9886185824108855,
      0.8421440417199488,
      0.7259529289382193,
      0.6222395640809822,
      0.5371802444653133,
      0.4665128507882433
    ],
    "train_acc": [
      42.926,
      57.812,
      65.32,
      70.584,
      74.806,
      78.424,
      81.406,
      83.64
    ],
    "test_loss": [
      1.2914533036204572,
      1.1312097908970646,
      1.0183549094885682,
      0.963623534376248,
      0.9596123741076777,
      0.9889598517372205,
      1.0683966200953474,
      1.157161139832518
    ],
    "test_acc": [
      53.54,
      60.17,
      64.87,
      67.02,
      67.19,
      67.61,
      66.99,
      66.14
    ]
  }
}