{
  "config": {
    "run_name": "exp1_3",
    "out_dir": "./results",
    "seed": 1606167671,
    "device": null,
    "bs_train": 128,
    "bs_test": 32,
    "batches": 500,
    "epochs": 100,
    "early_stopping": 3,
    "checkpoints": null,
    "lr": 0.0005,
    "reg": 0.001,
    "filters_per_layer": [
      64,
      128,
      256
    ],
    "layers_per_block": 2,
    "pool_every": 2,
    "hidden_dims": [
      100
    ],
    "model_type": "cnn",
    "kw": {
      "max_batches": 500
    }
  },
  "results": {
    "num_epochs": 0,
    "train_loss": [
      1.8270463480059143,
      1.3953261119325449,
      1.176236750219789,
      1.0268823960248161,
      0.9248830497722187,
      0.8474602662693814,
      0.7917895695132673,
      0.736936291160486,
      0.6758063040730898,
      0.6171855877732377,
      0.5679586269056706,
      0.5299961255944293,
      0.5044535761294158
    ],
    "train_acc": [
      32.174,
      49.312,
      58.064,
      63.646,
      67.15,
      70.104,
      72.19,
      74.27,
      76.504,
      78.656,
      80.26,
      81.552,
      82.542
    ],
    "test_loss": [
      1.5439740750736322,
      1.2636643674807808,
      1.126415313623203,
      0.9882560949356031,
      0.9243278137792033,
      0.8825813269081969,
      0.8486498750436801,
      0.8260108045876597,
      0.8078235955284045,
      0.7893079081282448,
      0.7769268876828325,
      0.7774193126934404,
      0.8021574172729882
    ],
    "test_acc": [
      43.76,
      54.51,
      60.06,
      65.59,
      67.5,
      68.95,
      70.4,
      71.31,
      72.2,
      73.06,
      73.93,
      73.88,
      73.09
    ]
  }
}