{
  "config": {
    "run_name": "exp1_2",
    "out_dir": "./results",
    "seed": 382319370,
    "device": null,
    "bs_train": 128,
    "bs_test": 32,
    "batches": 500,
    "epochs": 100,
    "early_stopping": 3,
    "checkpoints": null,
    "lr": 0.0005,
    "reg": 0.001,
    "filters_per_layer": [
      128
    ],
    "layers_per_block": 2,
    "pool_every": 2,
    "hidden_dims": [
      100
    ],
    "model_type": "cnn",
    "kw": {
      "max_batches": 500
    }
  },
  "results": {
    "num_epochs": 0,
    "train_loss": [
      1.5483626343710037,
      1.2066033795056745,
      1.0732640415201407,
      0.974288277004076,
      0.8984910423493446,
      0.8330141345558264,
      0.7811183295286525,
      0.7322167594109654,
      0.6894173000169836,
      0.6523553404356818,
      0.6181080615733896,
      0.5914313665131474
    ],
    "train_acc": [
      44.572,
      57.316,
      62.418,
      65.952,
      68.718,
      70.976,
      72.936,
      74.74,
      76.45,
      77.616,
      78.84,
      79.762
    ],
    "test_loss": [
      1.3101331814409445,
      1.1421835414898662,
      1.0467106145791734,
      1.0060993231142672,
      0.9712426913812899,
      0.9474395654452875,
      0.9355562350239617,
      0.9360020061651357,
      0.9324725946298422,
      0.943448490228135,
      0.9664268615527656,
      1.007306181203824
    ],
    "test_acc": [
      54.16,
      59.87,
      63.14,
      64.76,
      66.58,
      67.23,
      67.79,
      67.6,
      67.9,
      68.45,
      67.78,
      66.88
    ]
  }
}