{
  "config": {
    "run_name": "exp1_2",
    "out_dir": "./results",
    "seed": 1795797230,
    "device": null,
    "bs_train": 128,
    "bs_test": 32,
    "batches": 500,
    "epochs": 100,
    "early_stopping": 3,
    "checkpoints": null,
    "lr": 0.0005,
    "reg": 0.001,
    "filters_per_layer": [
      256
    ],
    "layers_per_block": 8,
    "pool_every": 7,
    "hidden_dims": [
      100
    ],
    "model_type": "cnn",
    "kw": {
      "max_batches": 500
    }
  },
  "results": {
    "num_epochs": 0,
    "train_loss": [
      2.3034529039621963,
      2.3028703382253037,
      2.3027610681246005
    ],
    "train_acc": [
      9.836,
      9.922,
      9.868
    ],
    "test_loss": [
      2.3029808556309903,
      2.3027881951377798,
      2.3027129249450877
    ],
    "test_acc": [
      10.0,
      10.0,
      10.0
    ]
  }
}