{
  "config": {
    "run_name": "exp1_2",
    "out_dir": "./results",
    "seed": 189275053,
    "device": null,
    "bs_train": 128,
    "bs_test": 32,
    "batches": 500,
    "epochs": 100,
    "early_stopping": 3,
    "checkpoints": null,
    "lr": 0.0005,
    "reg": 0.001,
    "filters_per_layer": [
      256
    ],
    "layers_per_block": 2,
    "pool_every": 2,
    "hidden_dims": [
      100
    ],
    "model_type": "cnn",
    "kw": {
      "max_batches": 500
    }
  },
  "results": {
    "num_epochs": 0,
    "train_loss": [
      1.5535111293158568,
      1.225199433543798,
      1.092831194553229,
      0.9837409992657049,
      0.8996178512378117,
      0.8394297724184783,
      0.7847857463085438,
      0.7407750278482657,
      0.7016823224704284,
      0.6630089020790042
    ],
    "train_acc": [
      44.244,
      56.794,
      61.6,
      65.842,
      68.832,
      70.84,
      72.882,
      74.546,
      75.862,
      77.35
    ],
    "test_loss": [
      1.3213500001560003,
      1.179806645305012,
      1.087181895685653,
      1.0154398470260084,
      0.9786167327588359,
      0.9600996803551817,
      0.9552585004617612,
      0.9579750524161342,
      0.9652674860847644,
      0.9886971860647963
    ],
    "test_acc": [
      53.57,
      58.57,
      61.67,
      64.35,
      65.92,
      66.84,
      67.5,
      67.66,
      67.62,
      67.42
    ]
  }
}