{
  "config": {
    "run_name": "exp1_2",
    "out_dir": "./results",
    "seed": 1947861471,
    "device": null,
    "bs_train": 128,
    "bs_test": 32,
    "batches": 500,
    "epochs": 100,
    "early_stopping": 3,
    "checkpoints": null,
    "lr": 0.0005,
    "reg": 0.001,
    "filters_per_layer": [
      64
    ],
    "layers_per_block": 4,
    "pool_every": 3,
    "hidden_dims": [
      100
    ],
    "model_type": "cnn",
    "kw": {
      "max_batches": 500
    }
  },
  "results": {
    "num_epochs": 0,
    "train_loss": [
      1.637427288552989,
      1.2289013484554827,
      1.0142581871403453,
      0.8688494982316975,
      0.7624313471567296,
      0.6692191121523338,
      0.5798709801090952
    ],
    "train_acc": [
      40.978,
      56.264,
      64.428,
      69.484,
      73.238,
      76.762,
      79.924
    ],
    "test_loss": [
      1.3325594088520867,
      1.1376724974415935,
      1.0152000939122403,
      0.9474070978621705,
      0.9321392412764576,
      1.0048277248589756,
      1.122781284320088
    ],
    "test_acc": [
      52.0,
      60.08,
      64.32,
      66.69,
      67.94,
      67.34,
      66.07
    ]
  }
}