{
  "config": {
    "run_name": "exp1_3",
    "out_dir": "./results",
    "seed": 1770673116,
    "device": null,
    "bs_train": 128,
    "bs_test": 32,
    "batches": 500,
    "epochs": 100,
    "early_stopping": 3,
    "checkpoints": null,
    "lr": 0.0005,
    "reg": 0.001,
    "filters_per_layer": [
      64,
      128,
      256
    ],
    "layers_per_block": 4,
    "pool_every": 3,
    "hidden_dims": [
      100
    ],
    "model_type": "cnn",
    "kw": {
      "max_batches": 500
    }
  },
  "results": {
    "num_epochs": 0,
    "train_loss": [
      2.3032062657348944,
      2.3028303765884752,
      2.3027666877297794
    ],
    "train_acc": [
      9.938,
      9.766,
      9.652
    ],
    "test_loss": [
      2.3026514997878396,
      2.302627709726937,
      2.3026224447134584
    ],
    "test_acc": [
      10.0,
      10.0,
      10.0
    ]
  }
}