{
  "config": {
    "run_name": "exp1_2",
    "out_dir": "./results",
    "seed": 133912723,
    "device": null,
    "bs_train": 128,
    "bs_test": 32,
    "batches": 500,
    "epochs": 100,
    "early_stopping": 3,
    "checkpoints": null,
    "lr": 0.0005,
    "reg": 0.001,
    "filters_per_layer": [
      32
    ],
    "layers_per_block": 8,
    "pool_every": 5,
    "hidden_dims": [
      100
    ],
    "model_type": "cnn",
    "kw": {
      "max_batches": 500
    }
  },
  "results": {
    "num_epochs": 0,
    "train_loss": [
      1.8142876588475063,
      1.3677558606238012,
      1.20956319433344,
      1.0864756552459638,
      0.9784558386449009,
      0.8721343916090553,
      0.7816599189777813,
      0.7247683629965234
    ],
    "train_acc": [
      33.794,
      50.348,
      56.806,
      61.484,
      65.414,
      69.544,
      72.79,
      74.466
    ],
    "test_loss": [
      1.4763494619546227,
      1.363195059779353,
      1.2706335878219848,
      1.1474937950841153,
      1.127367696061302,
      1.1494469200841153,
      1.2229165756664337,
      1.2498695446660344
    ],
    "test_acc": [
      46.85,
      52.49,
      56.04,
      59.34,
      60.35,
      60.49,
      59.95,
      60.47
    ]
  }
}