{
  "config": {
    "run_name": "exp1_1",
    "out_dir": "./results",
    "seed": 1178123509,
    "device": null,
    "bs_train": 128,
    "bs_test": 32,
    "batches": 500,
    "epochs": 100,
    "early_stopping": 3,
    "checkpoints": null,
    "lr": 0.0005,
    "reg": 0.001,
    "filters_per_layer": [
      32
    ],
    "layers_per_block": 16,
    "pool_every": 9,
    "hidden_dims": [
      50
    ],
    "model_type": "cnn",
    "kw": {
      "max_batches": 500
    }
  },
  "results": {
    "num_epochs": 0,
    "train_loss": [
      2.3033700147858056,
      2.302907490059543,
      2.302798376058983
    ],
    "train_acc": [
      9.824,
      9.814,
      9.85
    ],
    "test_loss": [
      2.3031368560303513,
      2.3028472802890376,
      2.3027587500624
    ],
    "test_acc": [
      10.0,
      10.0,
      10.0
    ]
  }
}