{
  "config": {
    "run_name": "exp1_2",
    "out_dir": "./results",
    "seed": 194206150,
    "device": null,
    "bs_train": 128,
    "bs_test": 32,
    "batches": 500,
    "epochs": 100,
    "early_stopping": 3,
    "checkpoints": null,
    "lr": 0.0005,
    "reg": 0.001,
    "filters_per_layer": [
      64
    ],
    "layers_per_block": 8,
    "pool_every": 5,
    "hidden_dims": [
      100
    ],
    "model_type": "cnn",
    "kw": {
      "max_batches": 500
    }
  },
  "results": {
    "num_epochs": 0,
    "train_loss": [
      1.7764374325647379,
      1.335760170236573,
      1.1142005237472026,
      0.9521087880634591,
      0.8233127447650256,
      0.7071682278762388,
      0.598085798570872,
      0.5158880677674432
    ],
    "train_acc": [
      34.79,
      51.984,
      60.448,
      66.332,
      71.078,
      74.938,
      79.07,
      81.782
    ],
    "test_loss": [
      1.514264189016324,
      1.2567515022838458,
      1.1977762338071585,
      1.149069594118161,
      1.2427254088770467,
      1.231533940226887,
      1.278552460594299,
      1.493966782054962
    ],
    "test_acc": [
      46.59,
      55.48,
      58.94,
      61.87,
      61.52,
      62.14,
      61.55,
      60.22
    ]
  }
}