{
  "config": {
    "run_name": "exp1_4",
    "out_dir": "./results",
    "seed": 1850038914,
    "device": null,
    "bs_train": 128,
    "bs_test": 32,
    "batches": 500,
    "epochs": 100,
    "early_stopping": 3,
    "checkpoints": null,
    "lr": 0.0005,
    "reg": 0.001,
    "filters_per_layer": [
      32
    ],
    "layers_per_block": 8,
    "pool_every": 5,
    "hidden_dims": [
      100
    ],
    "model_type": "resnet",
    "kw": {
      "max_batches": 500
    }
  },
  "results": {
    "num_epochs": 0,
    "train_loss": [
      1.7132156254995206,
      1.4236334681206042,
      1.2671962259980418,
      1.1657861577885231,
      1.0905307467331362,
      1.0273396913962596,
      0.9673601623691256,
      0.9104515134221147,
      0.8589105240219389,
      0.8075169712076407,
      0.7594641956222027,
      0.7195742868096627,
      0.6807068339394181,
      0.6379712585293119,
      0.5974976912788723,
      0.560406775120884
    ],
    "train_acc": [
      38.05,
      48.774,
      54.592,
      58.5,
      61.498,
      63.738,
      65.832,
      67.906,
      69.704,
      71.524,
      73.356,
      74.796,
      76.196,
      77.746,
      79.08,
      80.242
    ],
    "test_loss": [
      1.4743247717714156,
      1.3070351110098841,
      1.2039253795489717,
      1.124462188623203,
      1.0867286170252597,
      1.0404608485797724,
      1.0106810548435003,
      1.004927955115565,
      0.9636508344461362,
      0.9522010876347844,
      0.9514072406025359,
      0.9241356407872404,
      0.9358292357228435,
      0.947169197253145,
      0.9749733434317592,
      1.009143768408047
    ],
    "test_acc": [
      46.61,
      53.11,
      57.27,
      59.69,
      61.32,
      62.89,
      63.98,
      64.92,
      66.13,
      67.07,
      67.55,
      68.18,
      68.09,
      68.5,
      68.35,
      67.67
    ]
  }
}