{
  "config": {
    "run_name": "exp1_4",
    "out_dir": "./results",
    "seed": 891649757,
    "device": null,
    "bs_train": 128,
    "bs_test": 32,
    "batches": 500,
    "epochs": 100,
    "early_stopping": 3,
    "checkpoints": null,
    "lr": 0.0005,
    "reg": 0.001,
    "filters_per_layer": [
      32
    ],
    "layers_per_block": 32,
    "pool_every": 9,
    "hidden_dims": [
      100
    ],
    "model_type": "resnet",
    "kw": {
      "max_batches": 500
    }
  },
  "results": {
    "num_epochs": 0,
    "train_loss": [
      1.9464475041460199,
      1.6453724736752717,
      1.545030364599984,
      1.460101115429188,
      1.387235441476183,
      1.320431136109335,
      1.25106468103121,
      1.1835814961387068,
      1.1189381631134112,
      1.063509343530211,
      1.0211472767393301,
      0.9819906483525815,
      0.9510631512498002,
      0.9282172707950368,
      0.9014826235563859,
      0.8781759354769422,
      0.8586186167529172,
      0.8408574643342391,
      0.8224705844888907,
      0.8058392849114849,
      0.786390533837516,
      0.7688166235414002,
      0.7539505043907848,
      0.7439611098345589
    ],
    "train_acc": [
      28.876,
      39.552,
      43.036,
      46.32,
      49.316,
      51.894,
      54.792,
      57.414,
      59.934,
      62.024,
      63.598,
      65.048,
      65.898,
      67.088,
      67.956,
      68.894,
      69.742,
      70.246,
      71.074,
      71.564,
      72.138,
      72.804,
      73.46,
      73.938
    ],
    "test_loss": [
      1.6895110401482627,
      1.569605233189397,
      1.5026934443952176,
      1.4112135427066694,
      1.359887948813149,
      1.2738175559729432,
      1.203537328555561,
      1.1409928684417432,
      1.1045031075279552,
      1.0724596504967052,
      1.027718248458716,
      0.9927810815195687,
      0.9872390698320188,
      0.9721122961074781,
      0.9696840523911742,
      0.9393072646265974,
      0.9316165424383487,
      0.9294593494159346,
      0.9326054874700479,
      0.9230355454709964,
      0.9156607240914537,
      0.9185774440582568,
      0.9300392809005591,
      0.9156917291708266
    ],
    "test_acc": [
      38.45,
      42.35,
      44.9,
      48.07,
      50.78,
      54.22,
      57.11,
      59.01,
      60.81,
      62.33,
      63.94,
      65.25,
      65.91,
      66.57,
      66.76,
      67.49,
      67.56,
      67.55,
      67.48,
      68.14,
      68.35,
      68.36,
      68.07,
      68.36
    ]
  }
}