{
  "config": {
    "run_name": "exp1_3",
    "out_dir": "./results",
    "seed": 548684651,
    "device": null,
    "bs_train": 128,
    "bs_test": 32,
    "batches": 500,
    "epochs": 100,
    "early_stopping": 3,
    "checkpoints": null,
    "lr": 0.0005,
    "reg": 0.001,
    "filters_per_layer": [
      64,
      128,
      256
    ],
    "layers_per_block": 1,
    "pool_every": 1,
    "hidden_dims": [
      100
    ],
    "model_type": "cnn",
    "kw": {
      "max_batches": 500
    }
  },
  "results": {
    "num_epochs": 0,
    "train_loss": [
      1.6523999460517902,
      1.3045634784357016,
      1.1501029324348626,
      1.0301081274476502,
      0.9398087991777894,
      0.869965692310382,
      0.8116448053618526,
      0.7630222642513187,
      0.7212910761918558,
      0.6821868194033728,
      0.647679126476083,
      0.6090668192909806
    ],
    "train_acc": [
      39.776,
      53.268,
      59.118,
      63.754,
      67.166,
      69.712,
      71.844,
      73.58,
      75.182,
      76.604,
      77.722,
      79.088
    ],
    "test_loss": [
      1.3796339918630192,
      1.234993639083716,
      1.1049215785992412,
      1.0152379240090854,
      0.9522859128519369,
      0.8976841155713359,
      0.8670947772626298,
      0.8326233690158247,
      0.8064468920040435,
      0.7844221706207568,
      0.8095582224690495,
      0.7918927372454073
    ],
    "test_acc": [
      50.57,
      56.22,
      61.06,
      64.85,
      67.32,
      69.29,
      70.42,
      71.68,
      72.62,
      73.27,
      72.33,
      72.78
    ]
  }
}