{
  "config": {
    "run_name": "exp1_3",
    "out_dir": "./results",
    "seed": 89299961,
    "device": null,
    "bs_train": 128,
    "bs_test": 32,
    "batches": 500,
    "epochs": 100,
    "early_stopping": 3,
    "checkpoints": null,
    "lr": 0.0005,
    "reg": 0.001,
    "filters_per_layer": [
      64,
      128,
      256
    ],
    "layers_per_block": 2,
    "pool_every": 2,
    "hidden_dims": [
      100
    ],
    "model_type": "cnn",
    "kw": {
      "max_batches": 500
    }
  },
  "results": {
    "num_epochs": 0,
    "train_loss": [
      1.704806979050112,
      1.2242944429597586,
      0.9880476461347106,
      0.843435770410406,
      0.7339846715902734,
      0.6384836182265026,
      0.5626665588535006,
      0.4932630299912084,
      0.4350603108515825,
      0.38922872323819135
    ],
    "train_acc": [
      36.856,
      55.802,
      64.894,
      70.328,
      74.4,
      77.896,
      80.538,
      82.942,
      84.846,
      86.414
    ],
    "test_loss": [
      1.364239287452576,
      1.155187734780601,
      0.949370362888129,
      0.8486811726238019,
      0.818114259372504,
      0.7594177928595497,
      0.776219230871231,
      0.7898794545914037,
      0.8289036369933107,
      0.8362101106978834
    ],
    "test_acc": [
      50.99,
      59.57,
      67.39,
      70.72,
      72.02,
      74.14,
      74.72,
      75.34,
      74.29,
      74.73
    ]
  }
}