{
  "config": {
    "run_name": "exp1_4",
    "out_dir": "./results",
    "seed": 258544607,
    "device": null,
    "bs_train": 128,
    "bs_test": 32,
    "batches": 500,
    "epochs": 100,
    "early_stopping": 3,
    "checkpoints": null,
    "lr": 0.001,
    "reg": 0.001,
    "filters_per_layer": [
      32
    ],
    "layers_per_block": 16,
    "pool_every": 9,
    "hidden_dims": [
      100
    ],
    "model_type": "resnet",
    "kw": {
      "max_batches": 500
    }
  },
  "results": {
    "num_epochs": 0,
    "train_loss": [
      1.6486599427050033,
      1.2846739786055388,
      1.110738066456202,
      0.9883182457340952,
      0.9006277411185262,
      0.8211903291590074,
      0.7584632034496883,
      0.7048392137298194,
      0.6582877312779731,
      0.6201495002297794,
      0.5854216280495724,
      0.55105024957291,
      0.506329548633312
    ],
    "train_acc": [
      40.422,
      53.98,
      60.37,
      65.104,
      68.308,
      71.242,
      73.462,
      75.41,
      76.982,
      78.41,
      79.678,
      80.756,
      82.274
    ],
    "test_loss": [
      1.385079380803215,
      1.2505545814197285,
      1.1054534424608127,
      1.0136240998776958,
      0.9436300356928914,
      0.9143001081082768,
      0.8822335435178714,
      0.8843943440495208,
      0.9157825994034545,
      0.9155008236821086,
      0.950006357016274,
      1.0513166238705571,
      1.08699703521241
    ],
    "test_acc": [
      49.18,
      55.82,
      61.12,
      64.34,
      67.06,
      67.8,
      69.23,
      69.25,
      68.6,
      69.65,
      69.06,
      66.55,
      67.12
    ]
  }
}