{
  "config": {
    "run_name": "exp1_1",
    "out_dir": "./results",
    "seed": 87626453,
    "device": null,
    "bs_train": 128,
    "bs_test": 32,
    "batches": 500,
    "epochs": 100,
    "early_stopping": 3,
    "checkpoints": null,
    "lr": 0.0005,
    "reg": 0.001,
    "filters_per_layer": [
      32
    ],
    "layers_per_block": 8,
    "pool_every": 5,
    "hidden_dims": [
      50
    ],
    "model_type": "cnn",
    "kw": {
      "max_batches": 500
    }
  },
  "results": {
    "num_epochs": 0,
    "train_loss": [
      2.3036202433164163,
      2.3030648390045556,
      2.3029351197850065
    ],
    "train_acc": [
      9.916,
      9.634,
      9.72
    ],
    "test_loss": [
      2.3029122154552715,
      2.3027394450129792,
      2.302684064871206
    ],
    "test_acc": [
      10.0,
      10.0,
      10.0
    ]
  }
}