{
  "config": {
    "run_name": "exp1_1",
    "out_dir": "./results",
    "seed": 162731952,
    "device": null,
    "bs_train": 128,
    "bs_test": 32,
    "batches": 500,
    "epochs": 100,
    "early_stopping": 3,
    "checkpoints": null,
    "lr": 0.0005,
    "reg": 0.001,
    "filters_per_layer": [
      64
    ],
    "layers_per_block": 2,
    "pool_every": 2,
    "hidden_dims": [
      100
    ],
    "model_type": "cnn",
    "kw": {
      "max_batches": 500
    }
  },
  "results": {
    "num_epochs": 0,
    "train_loss": [
      1.538782144141624,
      1.1739587808204124,
      1.017184596537324,
      0.9052426857716592,
      0.8213643808194133,
      0.74897816845828,
      0.6804737764246324,
      0.6160060950862173,
      0.5566906160710717
    ],
    "train_acc": [
      45.198,
      58.718,
      64.506,
      68.684,
      71.574,
      74.238,
      76.608,
      79.096,
      81.154
    ],
    "test_loss": [
      1.283290777724391,
      1.1207157415322984,
      1.0307757587859425,
      0.9862198022226937,
      0.9662016359761881,
      0.9507359513840355,
      0.9589521999176318,
      0.9817625783122005,
      1.0383277381190097
    ],
    "test_acc": [
      55.12,
      60.95,
      64.15,
      65.58,
      66.52,
      67.22,
      67.71,
      67.64,
      66.63
    ]
  }
}