{
  "config": {
    "run_name": "exp1_2",
    "out_dir": "./results",
    "seed": 542030188,
    "device": null,
    "bs_train": 128,
    "bs_test": 32,
    "batches": 500,
    "epochs": 100,
    "early_stopping": 3,
    "checkpoints": null,
    "lr": 0.0005,
    "reg": 0.001,
    "filters_per_layer": [
      256
    ],
    "layers_per_block": 8,
    "pool_every": 5,
    "hidden_dims": [
      100
    ],
    "model_type": "cnn",
    "kw": {
      "max_batches": 500
    }
  },
  "results": {
    "num_epochs": 0,
    "train_loss": [
      1.8175826206841432,
      1.2665928208919437,
      0.9810276665650975,
      0.789706725293718,
      0.6609215309552829,
      0.5665708576017023,
      0.4843554094319453
    ],
    "train_acc": [
      32.168,
      54.258,
      65.288,
      72.302,
      76.994,
      80.322,
      82.938
    ],
    "test_loss": [
      1.402095709365016,
      1.1119276540347944,
      0.9395359027119109,
      0.8745256612856929,
      0.8662222475289537,
      0.9136637239791334,
      1.1573241602498503
    ],
    "test_acc": [
      48.67,
      59.98,
      67.29,
      70.0,
      71.31,
      70.99,
      68.11
    ]
  }
}