{
  "config": {
    "run_name": "exp1_4",
    "out_dir": "./results",
    "seed": 83759364,
    "device": null,
    "bs_train": 128,
    "bs_test": 32,
    "batches": 500,
    "epochs": 100,
    "early_stopping": 3,
    "checkpoints": null,
    "lr": 0.0005,
    "reg": 0.001,
    "filters_per_layer": [
      64,
      128,
      256
    ],
    "layers_per_block": 8,
    "pool_every": 5,
    "hidden_dims": [
      100
    ],
    "model_type": "resnet",
    "kw": {
      "max_batches": 500
    }
  },
  "results": {
    "num_epochs": 0,
    "train_loss": [
      1.9370078162464035,
      1.6015651537024456,
      1.467854765674952,
      1.3792075232776535,
      1.3120484022838075,
      1.2472967357586717,
      1.181060791015625,
      1.1115364406419836,
      1.0525995825257752,
      1.0022285637038444,
      0.955825142238451,
      0.911714909936461,
      0.8778340761618846,
      0.8461158537803708,
      0.8214604604579604,
      0.7889101462595908,
      0.7656098582860454,
      0.7462975387378117,
      0.7255889034027334,
      0.7064639820772058,
      0.6787274060651775,
      0.6587629781659606,
      0.6487441197075807,
      0.6236406409222147,
      0.6102504876568494,
      0.5909598660286125,
      0.5776995100328685,
      0.5701431313439098
    ],
    "train_acc": [
      27.126,
      40.326,
      45.662,
      49.434,
      52.03,
      54.678,
      57.102,
      59.836,
      62.262,
      64.194,
      65.914,
      67.318,
      68.41,
      69.694,
      70.648,
      71.938,
      72.726,
      73.592,
      74.322,
      75.044,
      75.916,
      76.578,
      77.0,
      77.916,
      78.514,
      79.136,
      79.54,
      79.848
    ],
    "test_loss": [
      1.7321149442142572,
      1.6038252857927315,
      1.5341969450441792,
      1.4515023033458965,
      1.3892024713583266,
      1.2768837438223841,
      1.1674753012367711,
      1.1072340895192692,
      1.0392406329560204,
      0.9932087176143171,
      0.9569951749076477,
      0.9219531952001797,
      0.9104396832255891,
      0.8991245842589357,
      0.8893834318215854,
      0.890199703911242,
      0.8714817034931609,
      0.8563975373776956,
      0.8326669516273961,
      0.8228969391161641,
      0.8036975312156799,
      0.8080123072615066,
      0.8182270671612919,
      0.7989216764894919,
      0.783229498817517,
      0.7792452973679612,
      0.8166674044185553,
      0.7984568440495208
    ],
    "test_acc": [
      35.37,
      41.39,
      44.15,
      47.59,
      49.83,
      53.86,
      58.13,
      60.67,
      63.04,
      64.79,
      66.42,
      67.68,
      67.92,
      68.61,
      69.12,
      69.26,
      69.69,
      70.42,
      71.13,
      71.76,
      72.38,
      72.25,
      72.08,
      73.17,
      73.38,
      73.71,
      72.59,
      73.16
    ]
  }
}