{
  "config": {
    "run_name": "exp1_2",
    "out_dir": "./results",
    "seed": 65675013,
    "device": null,
    "bs_train": 128,
    "bs_test": 32,
    "batches": 500,
    "epochs": 100,
    "early_stopping": 3,
    "checkpoints": null,
    "lr": 0.0005,
    "reg": 0.001,
    "filters_per_layer": [
      64
    ],
    "layers_per_block": 2,
    "pool_every": 2,
    "hidden_dims": [
      100
    ],
    "model_type": "cnn",
    "kw": {
      "max_batches": 500
    }
  },
  "results": {
    "num_epochs": 0,
    "train_loss": [
      1.5398475276234815,
      1.1867015477641465,
      1.047361173898058,
      0.9556244755035166,
      0.8864826485324089,
      0.8319366533128197,
      0.7844650385629796,
      0.7395672029851342,
      0.6940133565527093,
      0.6496195293143582,
      0.6065913832096188
    ],
    "train_acc": [
      45.076,
      58.352,
      63.362,
      66.904,
      69.49,
      71.448,
      73.296,
      74.9,
      76.454,
      78.074,
      79.698
    ],
    "test_loss": [
      1.3138286359013078,
      1.1289920502196487,
      1.0542889189796325,
      1.000747826914437,
      0.9653009286703774,
      0.9381035265450279,
      0.9284045917157548,
      0.9254451666396266,
      0.9263885790547624,
      0.9400593815520167,
      0.9585230038188898
    ],
    "test_acc": [
      54.09,
      60.55,
      63.04,
      64.94,
      66.26,
      67.34,
      67.57,
      67.87,
      68.15,
      67.97,
      67.94
    ]
  }
}