{
  "config": {
    "run_name": "exp1_2",
    "out_dir": "./results",
    "seed": 51289399,
    "device": null,
    "bs_train": 128,
    "bs_test": 32,
    "batches": 500,
    "epochs": 100,
    "early_stopping": 3,
    "checkpoints": null,
    "lr": 0.0005,
    "reg": 0.001,
    "filters_per_layer": [
      128
    ],
    "layers_per_block": 8,
    "pool_every": 7,
    "hidden_dims": [
      100
    ],
    "model_type": "cnn",
    "kw": {
      "max_batches": 500
    }
  },
  "results": {
    "num_epochs": 0,
    "train_loss": [
      1.7975434208160166,
      1.3706814895200607,
      1.0998901211087355,
      0.9026575893392343,
      0.7533086986492967,
      0.6449173637058424
    ],
    "train_acc": [
      34.516,
      50.486,
      61.038,
      68.326,
      73.604,
      77.364
    ],
    "test_loss": [
      1.5586443526295428,
      1.216995385508187,
      1.0903342737557409,
      0.9668313900883586,
      1.0636240803776458,
      1.090209473436252
    ],
    "test_acc": [
      44.07,
      56.23,
      62.12,
      66.94,
      66.33,
      66.59
    ]
  }
}