{
  "config": {
    "run_name": "exp1_2",
    "out_dir": "./results",
    "seed": 1806351038,
    "device": null,
    "bs_train": 128,
    "bs_test": 32,
    "batches": 500,
    "epochs": 100,
    "early_stopping": 3,
    "checkpoints": null,
    "lr": 0.0005,
    "reg": 0.001,
    "filters_per_layer": [
      256
    ],
    "layers_per_block": 4,
    "pool_every": 3,
    "hidden_dims": [
      100
    ],
    "model_type": "cnn",
    "kw": {
      "max_batches": 500
    }
  },
  "results": {
    "num_epochs": 0,
    "train_loss": [
      1.6335236922554348,
      1.1859321301550512,
      0.957550048828125,
      0.8114609193923833,
      0.692457428368766,
      0.5930992965503117
    ],
    "train_acc": [
      40.528,
      57.512,
      66.358,
      71.606,
      75.976,
      79.608
    ],
    "test_loss": [
      1.3614207502371205,
      1.0894094838882789,
      0.9388963985747804,
      0.8964944175257089,
      0.9113136754630092,
      0.976106198831869
    ],
    "test_acc": [
      51.38,
      61.54,
      66.71,
      69.18,
      69.18,
      68.68
    ]
  }
}