{
  "config": {
    "run_name": "exp2",
    "out_dir": "./results",
    "seed": 1109658553,
    "device": null,
    "bs_train": 128,
    "bs_test": 32,
    "batches": 500,
    "epochs": 100,
    "early_stopping": 3,
    "checkpoints": null,
    "lr": 0.001,
    "reg": 0.001,
    "filters_per_layer": [
      32,
      64,
      128
    ],
    "layers_per_block": 9,
    "pool_every": 5,
    "hidden_dims": [
      100
    ],
    "model_type": "ycn",
    "kw": {
      "max_batches": 500
    }
  },
  "results": {
    "num_epochs": 0,
    "train_loss": [
      1.8662666652513586,
      1.5485368421315537,
      1.3863834468909846,
      1.2525548910545876,
      1.126182380539682,
      1.0049118471267584,
      0.9183325413852701,
      0.8598479834359015,
      0.812666246653213,
      0.7665816597316576,
      0.7380141626538523,
      0.7134799030430786,
      0.6923567437759751,
      0.6697007591462196,
      0.6561429153013107,
      0.6436686015799832
    ],
    "train_acc": [
      29.988,
      42.584,
      48.972,
      54.56,
      59.706,
      64.406,
      67.698,
      69.788,
      71.644,
      73.336,
      74.162,
      75.348,
      75.928,
      76.776,
      77.09,
      77.714
    ],
    "test_loss": [
      1.5870682103946185,
      1.4335769799570688,
      1.2751089467789039,
      1.1311209681696786,
      1.0236013979195786,
      0.9531630250973443,
      0.8511016163201378,
      0.7887914005559854,
      0.7496499253538089,
      0.7281035889451877,
      0.7255158348205372,
      0.718603749625599,
      0.6634622397133336,
      0.6559197666546026,
      0.6541981072471545,
      0.6948670701096995
    ],
    "test_acc": [
      40.73,
      47.16,
      52.99,
      59.54,
      64.07,
      66.43,
      70.12,
      73.03,
      73.8,
      74.41,
      74.86,
      75.42,
      77.16,
      77.37,
      77.36,
      76.25
    ]
  }
}