{
  "config": {
    "run_name": "exp2",
    "out_dir": "./results",
    "seed": 1893586813,
    "device": null,
    "bs_train": 128,
    "bs_test": 32,
    "batches": 500,
    "epochs": 100,
    "early_stopping": 3,
    "checkpoints": null,
    "lr": 0.001,
    "reg": 0.001,
    "filters_per_layer": [
      32,
      64,
      128
    ],
    "layers_per_block": 6,
    "pool_every": 4,
    "hidden_dims": [
      100
    ],
    "model_type": "ycn",
    "kw": {
      "max_batches": 500
    }
  },
  "results": {
    "num_epochs": 0,
    "train_loss": [
      1.755550765015585,
      1.380861716502158,
      1.1687521385719708,
      1.0187487980288923,
      0.9204580789941657,
      0.8497761680037165,
      0.7940457629425751,
      0.7562993432554748,
      0.7143354098815138,
      0.6823458073998961,
      0.6582444134880515,
      0.634518167246943,
      0.6177241722945972,
      0.6030660956107137,
      0.5832150744660126,
      0.5714180012188299,
      0.5538638375909127,
      0.5409878391743926,
      0.5354802358485854,
      0.5252229344204563,
      0.5177274347876039
    ],
    "train_acc": [
      34.232,
      49.402,
      58.042,
      63.662,
      67.302,
      69.744,
      72.144,
      73.368,
      75.028,
      76.332,
      77.152,
      77.906,
      78.63,
      79.078,
      79.736,
      80.086,
      80.62,
      81.202,
      81.318,
      81.63,
      81.876
    ],
    "test_loss": [
      1.4510078795801717,
      1.32985592193116,
      1.0793910407410643,
      0.9208111747766075,
      0.910888671875,
      0.8200469093200878,
      0.7658863494190545,
      0.7217521301854533,
      0.6819635945768021,
      0.659358405457518,
      0.623603991426218,
      0.6231885428626698,
      0.6282543145810453,
      0.6086602256701777,
      0.6247821356922674,
      0.630221674617487,
      0.5834137547892123,
      0.5902593448139227,
      0.5605307874588159,
      0.5722435411934654,
      0.5845176038650659
    ],
    "test_acc": [
      46.05,
      51.79,
      61.6,
      67.78,
      67.74,
      71.61,
      73.26,
      74.83,
      76.61,
      77.14,
      78.61,
      78.62,
      78.62,
      79.36,
      78.93,
      78.24,
      80.3,
      80.17,
      80.98,
      80.58,
      80.0
    ]
  }
}