{
  "config": {
    "run_name": "exp2",
    "out_dir": "./results",
    "seed": 1473964040,
    "device": null,
    "bs_train": 128,
    "bs_test": 32,
    "batches": 500,
    "epochs": 100,
    "early_stopping": 3,
    "checkpoints": null,
    "lr": 0.001,
    "reg": 0.001,
    "filters_per_layer": [
      32,
      64,
      128
    ],
    "layers_per_block": 12,
    "pool_every": 7,
    "hidden_dims": [
      100
    ],
    "model_type": "ycn",
    "kw": {
      "max_batches": 500
    }
  },
  "results": {
    "num_epochs": 0,
    "train_loss": [
      1.9827457827985133,
      1.6872429030630596,
      1.5420504128536605,
      1.4384960750179827,
      1.365238901904172,
      1.2925525870164642,
      1.2356740653972187,
      1.1776330660066336,
      1.1221283817535166,
      1.0706439786554907,
      1.0216921442914801,
      0.9838558109215153,
      0.9473190892992727,
      0.9204402835777653,
      0.8888886200497522,
      0.8692086846627238,
      0.8509922661744725,
      0.8285602072010869,
      0.8061457094938859,
      0.7925332305986253,
      0.7743189194623161,
      0.7685414970378437,
      0.7540660184972426,
      0.7408815661964514,
      0.7344157421375479,
      0.7239810719209558,
      0.7130809110753676,
      0.7032195966871803
    ],
    "train_acc": [
      24.724,
      37.348,
      42.844,
      47.052,
      49.984,
      52.94,
      55.41,
      57.482,
      59.702,
      61.618,
      63.364,
      64.878,
      66.31,
      67.058,
      68.614,
      69.43,
      70.002,
      70.732,
      71.428,
      72.014,
      72.638,
      73.102,
      73.644,
      74.12,
      74.348,
      74.726,
      75.038,
      75.414
    ],
    "test_loss": [
      1.7676337001422724,
      1.5549063880603535,
      1.4619474075853633,
      1.3661704748964156,
      1.3295372911154653,
      1.2318738260969948,
      1.1751849384734425,
      1.1000455911167133,
      1.0353749430598542,
      1.0295300955970448,
      0.9673972815370407,
      0.9453034324767872,
      0.9363027944351537,
      0.891253681609425,
      0.8721840952912839,
      0.8777644245769269,
      0.8140660977592102,
      0.8220939270604533,
      0.7845658372385433,
      0.7583987690008487,
      0.7783197274985024,
      0.729854985928764,
      0.7552205533646166,
      0.7257980492930062,
      0.7065076249095198,
      0.7050084610716604,
      0.708192624223118,
      0.7028329867524461
    ],
    "test_acc": [
      32.95,
      42.17,
      46.07,
      49.33,
      52.25,
      55.7,
      57.93,
      60.44,
      62.65,
      63.14,
      65.38,
      66.28,
      66.73,
      68.49,
      69.28,
      69.22,
      71.66,
      71.41,
      72.28,
      73.43,
      72.9,
      74.29,
      74.0,
      74.24,
      75.28,
      75.65,
      75.27,
      75.31
    ]
  }
}