{
  "config": {
    "run_name": "exp2",
    "out_dir": "./results",
    "seed": 723246563,
    "device": null,
    "bs_train": 128,
    "bs_test": 32,
    "batches": 500,
    "epochs": 100,
    "early_stopping": 3,
    "checkpoints": null,
    "lr": 0.0005,
    "reg": 0.001,
    "filters_per_layer": [
      32,
      64,
      128
    ],
    "layers_per_block": 12,
    "pool_every": 7,
    "hidden_dims": [
      100
    ],
    "model_type": "ycn",
    "kw": {
      "max_batches": 500
    }
  },
  "results": {
    "num_epochs": 0,
    "train_loss": [
      2.0180103662983537,
      1.6823610271639227,
      1.5177248591352301,
      1.3870144036724745,
      1.284671324903093,
      1.195251308743606,
      1.1154359783357977,
      1.04926668835418,
      0.9864210045855978,
      0.9382984522358536,
      0.8859280247212676,
      0.8487624536694773,
      0.8126812322670237,
      0.77978515625,
      0.7544774984764626,
      0.7296962103880275,
      0.7020184060801631,
      0.6842606878646499,
      0.6583750693084639,
      0.6463185185971467,
      0.6221614749840153,
      0.6058407366428229,
      0.5878571024941056,
      0.569397011681286,
      0.5576810714838755,
      0.5448067511439019,
      0.5294647607047235,
      0.5179413310097306,
      0.5034690525220789,
      0.49165211553158966
    ],
    "train_acc": [
      24.152,
      38.08,
      44.28,
      49.176,
      53.22,
      56.618,
      59.842,
      62.484,
      64.808,
      66.6,
      68.5,
      70.024,
      71.28,
      72.306,
      73.52,
      74.202,
      75.078,
      75.97,
      76.89,
      77.142,
      78.168,
      78.546,
      79.398,
      80.056,
      80.346,
      80.832,
      81.366,
      81.878,
      82.096,
      82.832
    ],
    "test_loss": [
      1.7425006708017172,
      1.527667255828175,
      1.372720249163838,
      1.272527335169978,
      1.1569350367536941,
      1.0849043873552315,
      1.0382398903941195,
      0.9673560389314597,
      0.9324134119783347,
      0.877935537514976,
      0.877198728128744,
      0.8495322523025659,
      0.8384793315070886,
      0.7984519690370407,
      0.805863791761307,
      0.7865575235872604,
      0.7491690541227786,
      0.753886457449331,
      0.7420476358919479,
      0.7459114245332468,
      0.7276656665741065,
      0.747614997644394,
      0.775854969938723,
      0.718047851952501,
      0.730508773852461,
      0.7938566360229882,
      0.7418773517060203,
      0.7329621238830372,
      0.7767115096314646,
      0.7765714505229133
    ],
    "test_acc": [
      34.82,
      43.71,
      49.73,
      54.04,
      57.87,
      61.0,
      63.13,
      65.34,
      67.12,
      69.12,
      69.61,
      70.89,
      71.27,
      73.15,
      73.28,
      74.1,
      74.85,
      74.86,
      75.43,
      75.36,
      76.35,
      75.83,
      75.07,
      76.75,
      76.75,
      75.61,
      77.07,
      77.12,
      76.37,
      76.86
    ]
  }
}