{
  "config": {
    "run_name": "exp2",
    "out_dir": "./results",
    "seed": 1837501631,
    "device": null,
    "bs_train": 128,
    "bs_test": 32,
    "batches": 500,
    "epochs": 100,
    "early_stopping": 3,
    "checkpoints": null,
    "lr": 0.001,
    "reg": 0.001,
    "filters_per_layer": [
      32,
      64,
      128
    ],
    "layers_per_block": 3,
    "pool_every": 2,
    "hidden_dims": [
      100
    ],
    "model_type": "ycn",
    "kw": {
      "max_batches": 500
    }
  },
  "results": {
    "num_epochs": 0,
    "train_loss": [
      1.5739550968570173,
      1.088900124630355,
      0.8814129061101342,
      0.765638580712516,
      0.6866667374320652,
      0.6267833270685143,
      0.582697017113571,
      0.5486908739485095,
      0.5141468877377717,
      0.4907466176220828,
      0.46653138768032687,
      0.4418387644736053,
      0.4294933114210358,
      0.40997884218650094,
      0.4017222763022498
    ],
    "train_acc": [
      41.72,
      60.864,
      68.686,
      73.19,
      75.958,
      77.868,
      79.548,
      80.9,
      82.084,
      82.888,
      83.784,
      84.616,
      85.088,
      85.6,
      85.92
    ],
    "test_loss": [
      1.1869227985223643,
      0.9659976654540235,
      0.8309058046188599,
      0.7474742072839706,
      0.7665877174645567,
      0.6750889007275859,
      0.6301265631240016,
      0.6483439485105081,
      0.6547426948912989,
      0.6238499845559604,
      0.6257618182002546,
      0.6573657928564297,
      0.5830494451065795,
      0.6094744015044679,
      0.6215391311401757
    ],
    "test_acc": [
      56.76,
      66.57,
      71.22,
      74.6,
      74.25,
      76.96,
      78.11,
      77.87,
      78.29,
      79.13,
      79.06,
      78.72,
      80.77,
      80.13,
      80.0
    ]
  }
}