{
  "config": {
    "run_name": "exp2",
    "out_dir": "./results",
    "seed": 393669059,
    "device": null,
    "bs_train": 128,
    "bs_test": 32,
    "batches": 500,
    "epochs": 100,
    "early_stopping": 3,
    "checkpoints": null,
    "lr": 0.0005,
    "reg": 0.001,
    "filters_per_layer": [
      32,
      64,
      128
    ],
    "layers_per_block": 6,
    "pool_every": 4,
    "hidden_dims": [
      100
    ],
    "model_type": "ycn",
    "kw": {
      "max_batches": 500
    }
  },
  "results": {
    "num_epochs": 0,
    "train_loss": [
      1.8340471272578325,
      1.448607461836637,
      1.1861847001878196,
      0.9959600502267822,
      0.8772902232606697,
      0.7939168242237452,
      0.7275485065587036,
      0.6703707409636749,
      0.6221227621483376,
      0.5810698682389905,
      0.5426343444668119,
      0.5090232127157929,
      0.48031799628606536,
      0.45350728925231776,
      0.4270716908642703,
      0.4019520947390505,
      0.3823041989065497,
      0.3566263886668798
    ],
    "train_acc": [
      30.684,
      46.414,
      57.044,
      64.152,
      68.87,
      71.936,
      74.328,
      76.226,
      78.156,
      79.532,
      80.93,
      82.086,
      82.994,
      83.894,
      84.796,
      85.794,
      86.62,
      87.322
    ],
    "test_loss": [
      1.4992183404989516,
      1.3178502286965854,
      1.0317926863892772,
      0.902223142191244,
      0.9083275353184904,
      0.8267554139938599,
      0.755275884756265,
      0.7120337440563848,
      0.6913769024248702,
      0.6905173402243909,
      0.6740135217246156,
      0.662757800409969,
      0.6677480581850289,
      0.6564942381252497,
      0.6562523400059904,
      0.6493758424021565,
      0.6636837115303015,
      0.6537036834814297
    ],
    "test_acc": [
      43.49,
      51.6,
      63.4,
      68.64,
      69.24,
      72.74,
      74.65,
      76.24,
      77.02,
      77.62,
      78.36,
      79.06,
      78.95,
      79.89,
      79.84,
      80.76,
      80.37,
      80.69
    ]
  }
}