{
  "config": {
    "run_name": "exp1_3",
    "out_dir": "./results",
    "seed": 301827491,
    "device": null,
    "bs_train": 128,
    "bs_test": 32,
    "batches": 500,
    "epochs": 100,
    "early_stopping": 3,
    "checkpoints": null,
    "lr": 0.0005,
    "reg": 0.001,
    "filters_per_layer": [
      64,
      128,
      256
    ],
    "layers_per_block": 1,
    "pool_every": 1,
    "hidden_dims": [
      100
    ],
    "model_type": "cnn",
    "kw": {
      "max_batches": 500
    }
  },
  "results": {
    "num_epochs": 0,
    "train_loss": [
      1.6345338162863652,
      1.2475544570961876,
      1.0652264451126918,
      0.943523280151055,
      0.8560808967141544,
      0.785779089574009,
      0.7201700430087117,
      0.6617935063588954,
      0.6094260447470429,
      0.5613862254735454,
      0.5171111123946012
    ],
    "train_acc": [
      40.306,
      55.432,
      62.31,
      66.828,
      70.038,
      72.782,
      75.066,
      77.222,
      79.036,
      80.616,
      82.16
    ],
    "test_loss": [
      1.3889703232640276,
      1.1463167720709364,
      1.0261424494246705,
      0.9455477681022864,
      0.8815727843263279,
      0.8533297895242612,
      0.8378014122716154,
      0.8114085822059705,
      0.791177231663713,
      0.807974135913788,
      0.8514316546650359
    ],
    "test_acc": [
      50.75,
      59.11,
      63.93,
      66.92,
      69.46,
      70.45,
      71.18,
      72.15,
      72.95,
      72.88,
      72.24
    ]
  }
}