{
  "config": {
    "run_name": "exp1_4",
    "out_dir": "./results",
    "seed": 2101600478,
    "device": null,
    "bs_train": 128,
    "bs_test": 32,
    "batches": 500,
    "epochs": 100,
    "early_stopping": 3,
    "checkpoints": null,
    "lr": 0.001,
    "reg": 0.001,
    "filters_per_layer": [
      64,
      128,
      256
    ],
    "layers_per_block": 2,
    "pool_every": 2,
    "hidden_dims": [
      100
    ],
    "model_type": "resnet",
    "kw": {
      "max_batches": 500
    }
  },
  "results": {
    "num_epochs": 0,
    "train_loss": [
      1.556484680956282,
      1.0017184284337037,
      0.7545644462565937,
      0.599975507887428,
      0.49748261200497523,
      0.41552511932294994,
      0.33555887910106297,
      0.28318273441870806
    ],
    "train_acc": [
      42.874,
      64.294,
      73.398,
      79.02,
      82.77,
      85.518,
      87.964,
      89.912
    ],
    "test_loss": [
      1.1796726799620607,
      0.8557701232715156,
      0.7550447604145867,
      0.7054623247335513,
      0.7088437796400758,
      0.8393313861883487,
      0.8708197742986222,
      0.9521229899348542
    ],
    "test_acc": [
      57.8,
      69.63,
      74.23,
      76.94,
      77.0,
      73.68,
      75.31,
      76.15
    ]
  }
}