{
  "config": {
    "run_name": "exp1_3",
    "out_dir": "./results",
    "seed": 300082784,
    "device": null,
    "bs_train": 128,
    "bs_test": 32,
    "batches": 500,
    "epochs": 100,
    "early_stopping": 3,
    "checkpoints": null,
    "lr": 0.0005,
    "reg": 0.001,
    "filters_per_layer": [
      64,
      128,
      256
    ],
    "layers_per_block": 3,
    "pool_every": 2,
    "hidden_dims": [
      100
    ],
    "model_type": "cnn",
    "kw": {
      "max_batches": 500
    }
  },
  "results": {
    "num_epochs": 0,
    "train_loss": [
      1.8202207131154091,
      1.3942824263706841,
      1.1341597222916,
      0.9687524195522299,
      0.838333793308424,
      0.7336686468490249,
      0.6453912056925352,
      0.5646621040675951,
      0.5016390124855139,
      0.460618743506234,
      0.41355029640295315,
      0.3631913753421715,
      0.32385226588724825,
      0.2874814006678589,
      0.26116547255259953,
      0.232306595043758,
      0.20796941186461
    ],
    "train_acc": [
      31.136,
      48.076,
      58.606,
      65.062,
      70.062,
      73.888,
      77.334,
      80.248,
      82.554,
      83.942,
      85.63,
      87.47,
      88.654,
      89.764,
      90.834,
      91.89,
      92.75
    ],
    "test_loss": [
      1.538262705452526,
      1.280058351949381,
      1.0830331625648961,
      0.9635521641935403,
      0.8418037000174721,
      0.8255099458054612,
      0.8215965782872404,
      0.7433132866320138,
      0.7679264933918231,
      0.7620516158521365,
      0.7606613110429563,
      0.8241871599191294,
      0.8992003419528753,
      0.8896300099528255,
      0.8614071977024261,
      1.046740449655551,
      1.0519400404665036
    ],
    "test_acc": [
      43.04,
      53.23,
      61.19,
      65.91,
      70.4,
      71.6,
      71.85,
      75.05,
      74.43,
      74.72,
      75.23,
      75.3,
      74.09,
      75.63,
      76.29,
      74.85,
      74.77
    ]
  }
}