{
  "config": {
    "run_name": "exp1_1",
    "out_dir": "./results",
    "seed": 1627193127,
    "device": null,
    "bs_train": 128,
    "bs_test": 32,
    "batches": 500,
    "epochs": 100,
    "early_stopping": 3,
    "checkpoints": null,
    "lr": 0.0005,
    "reg": 0.001,
    "filters_per_layer": [
      32
    ],
    "layers_per_block": 8,
    "pool_every": 5,
    "hidden_dims": [
      100
    ],
    "model_type": "cnn",
    "kw": {
      "max_batches": 500
    }
  },
  "results": {
    "num_epochs": 0,
    "train_loss": [
      1.8191467441256395,
      1.3806408347985935,
      1.2149762009720668,
      1.082083231347906,
      0.971725971192655,
      0.8824661918308424,
      0.8091653887268222,
      0.7460014167649057
    ],
    "train_acc": [
      33.564,
      50.42,
      56.832,
      61.784,
      66.0,
      68.998,
      71.432,
      73.702
    ],
    "test_loss": [
      1.454490978496905,
      1.3562134569064497,
      1.2125600016536042,
      1.1247411368373104,
      1.100103506264976,
      1.1001631764177315,
      1.1561144746530552,
      1.1753174413126497
    ],
    "test_acc": [
      47.68,
      52.39,
      57.28,
      60.13,
      61.4,
      62.13,
      60.96,
      61.32
    ]
  }
}