{
  "config": {
    "run_name": "exp1_2",
    "out_dir": "./results",
    "seed": 1829448310,
    "device": null,
    "bs_train": 128,
    "bs_test": 32,
    "batches": 500,
    "epochs": 100,
    "early_stopping": 3,
    "checkpoints": null,
    "lr": 0.0005,
    "reg": 0.001,
    "filters_per_layer": [
      32
    ],
    "layers_per_block": 2,
    "pool_every": 2,
    "hidden_dims": [
      100
    ],
    "model_type": "cnn",
    "kw": {
      "max_batches": 500
    }
  },
  "results": {
    "num_epochs": 0,
    "train_loss": [
      1.664692051880195,
      1.3303797104779411,
      1.1891133730368846,
      1.0933798085088315,
      1.0183217080352862,
      0.9567074983016305,
      0.903674035425991,
      0.8567319123641305,
      0.8139415848285646,
      0.7760116694223546,
      0.740141729564618,
      0.706527124585398,
      0.674006703564578,
      0.6410737488885669,
      0.6073356296705164,
      0.5749286544292479,
      0.5440174697915001
    ],
    "train_acc": [
      40.59,
      52.634,
      58.176,
      61.736,
      64.44,
      66.66,
      68.58,
      70.386,
      71.93,
      73.242,
      74.624,
      75.786,
      76.844,
      78.068,
      79.24,
      80.504,
      81.718
    ],
    "test_loss": [
      1.4188955873727036,
      1.270276834408696,
      1.1716595244483825,
      1.1155577833279253,
      1.0735645233251798,
      1.0412455305885584,
      1.0172010915347944,
      1.0015595164923623,
      0.9917896989816294,
      0.9897848988493411,
      0.995045427316294,
      1.0116222247528954,
      1.0310320869421425,
      1.04035886331869,
      1.0511951385595548,
      1.0656646631015376,
      1.0862326332555412
    ],
    "test_acc": [
      49.78,
      55.06,
      58.95,
      61.05,
      62.4,
      63.3,
      64.63,
      65.25,
      65.79,
      66.09,
      66.21,
      66.13,
      65.97,
      66.22,
      66.35,
      66.28,
      66.12
    ]
  }
}