{
  "config": {
    "run_name": "exp1_2",
    "out_dir": "./results",
    "seed": 1420365369,
    "device": null,
    "bs_train": 128,
    "bs_test": 32,
    "batches": 500,
    "epochs": 100,
    "early_stopping": 3,
    "checkpoints": null,
    "lr": 0.0005,
    "reg": 0.001,
    "filters_per_layer": [
      32
    ],
    "layers_per_block": 4,
    "pool_every": 3,
    "hidden_dims": [
      100
    ],
    "model_type": "cnn",
    "kw": {
      "max_batches": 500
    }
  },
  "results": {
    "num_epochs": 0,
    "train_loss": [
      1.693686092601103,
      1.3176804954743446,
      1.1675582066216432,
      1.04634831811461,
      0.9457859517363332,
      0.8575668920336477,
      0.7846393243736013,
      0.7236409297074808,
      0.6660489523807145,
      0.6108641173223706
    ],
    "train_acc": [
      39.008,
      53.132,
      58.884,
      63.194,
      66.828,
      70.086,
      72.778,
      75.042,
      77.108,
      79.006
    ],
    "test_loss": [
      1.4201683556309903,
      1.274872801174371,
      1.1897778008311701,
      1.079859626940645,
      1.013452401938149,
      0.9935488959851737,
      1.000242190620008,
      1.010919930455022,
      1.0477417772189497,
      1.0744242805261581
    ],
    "test_acc": [
      49.15,
      54.64,
      58.31,
      61.53,
      64.48,
      65.68,
      66.06,
      66.9,
      66.49,
      66.36
    ]
  }
}