{
  "config": {
    "run_name": "exp1_2",
    "out_dir": "./results",
    "seed": 1883494822,
    "device": null,
    "bs_train": 128,
    "bs_test": 32,
    "batches": 500,
    "epochs": 100,
    "early_stopping": 3,
    "checkpoints": null,
    "lr": 0.0005,
    "reg": 0.001,
    "filters_per_layer": [
      256
    ],
    "layers_per_block": 2,
    "pool_every": 2,
    "hidden_dims": [
      100
    ],
    "model_type": "cnn",
    "kw": {
      "max_batches": 500
    }
  },
  "results": {
    "num_epochs": 0,
    "train_loss": [
      1.5425068496743126,
      1.1596117726982098,
      1.0083207620684143,
      0.8961266715203404,
      0.8064326996083759,
      0.7315367091342312,
      0.662311680786445,
      0.5985567917299393,
      0.546464690771859
    ],
    "train_acc": [
      44.762,
      59.044,
      64.832,
      68.894,
      72.196,
      74.802,
      77.112,
      79.488,
      81.248
    ],
    "test_loss": [
      1.2729562387679711,
      1.123293940632488,
      1.0515343419279153,
      0.9884980905551118,
      0.9722113563610723,
      0.9723184116351338,
      1.003402856211312,
      1.0624700674233727,
      1.1353479939908646
    ],
    "test_acc": [
      55.03,
      60.55,
      63.24,
      65.57,
      66.33,
      66.71,
      66.74,
      65.89,
      65.5
    ]
  }
}