{
  "config": {
    "run_name": "exp1_1",
    "out_dir": "./results",
    "seed": 1378602771,
    "device": null,
    "bs_train": 128,
    "bs_test": 32,
    "batches": 500,
    "epochs": 100,
    "early_stopping": 3,
    "checkpoints": null,
    "lr": 0.0005,
    "reg": 0.001,
    "filters_per_layer": [
      64
    ],
    "layers_per_block": 4,
    "pool_every": 3,
    "hidden_dims": [
      100
    ],
    "model_type": "cnn",
    "kw": {
      "max_batches": 500
    }
  },
  "results": {
    "num_epochs": 0,
    "train_loss": [
      1.5834804837356138,
      1.165597432714594,
      0.9451356385370044,
      0.8010421713904652,
      0.6830188331701567,
      0.5852038293238491,
      0.506076354199968,
      0.4252194065572051,
      0.34057078642003674
    ],
    "train_acc": [
      43.062,
      58.456,
      66.718,
      72.152,
      76.478,
      79.884,
      82.616,
      85.232,
      88.1
    ],
    "test_loss": [
      1.304546417138828,
      1.0956339973230331,
      0.9647005221333367,
      0.9110995649148862,
      0.9109587745544628,
      0.9847065983488917,
      0.9982786330933007,
      1.1446302127533448,
      1.2817789388540834
    ],
    "test_acc": [
      53.76,
      61.68,
      66.11,
      68.21,
      69.07,
      68.44,
      69.63,
      68.48,
      67.99
    ]
  }
}