{
  "config": {
    "run_name": "exp1_4",
    "out_dir": "./results",
    "seed": 791007275,
    "device": null,
    "bs_train": 128,
    "bs_test": 32,
    "batches": 500,
    "epochs": 100,
    "early_stopping": 3,
    "checkpoints": null,
    "lr": 0.001,
    "reg": 0.001,
    "filters_per_layer": [
      32
    ],
    "layers_per_block": 8,
    "pool_every": 5,
    "hidden_dims": [
      100
    ],
    "model_type": "resnet",
    "kw": {
      "max_batches": 500
    }
  },
  "results": {
    "num_epochs": 0,
    "train_loss": [
      1.5793046487871643,
      1.162770537159327,
      0.9620134982916401,
      0.8409184994904891,
      0.7491055461756714,
      0.6753154471707161,
      0.6069718382852461,
      0.5571075985803629,
      0.5175455781200048,
      0.46678438698849106
    ],
    "train_acc": [
      42.986,
      58.444,
      65.98,
      70.444,
      73.892,
      76.494,
      78.856,
      80.706,
      81.858,
      83.68
    ],
    "test_loss": [
      1.2990262455071886,
      1.0571246162390175,
      0.9098356691793131,
      0.8650737920889078,
      0.8249629694052016,
      0.8181857270554612,
      0.8254525181584464,
      0.8721739552653255,
      0.9353687420439797,
      1.0555021145854133
    ],
    "test_acc": [
      53.16,
      62.66,
      68.17,
      69.69,
      71.15,
      71.52,
      71.77,
      71.23,
      69.5,
      68.19
    ]
  }
}