{
  "config": {
    "run_name": "exp1_2",
    "out_dir": "./results",
    "seed": 373408517,
    "device": null,
    "bs_train": 128,
    "bs_test": 32,
    "batches": 500,
    "epochs": 100,
    "early_stopping": 3,
    "checkpoints": null,
    "lr": 0.0005,
    "reg": 0.001,
    "filters_per_layer": [
      64
    ],
    "layers_per_block": 2,
    "pool_every": 2,
    "hidden_dims": [
      100
    ],
    "model_type": "cnn",
    "kw": {
      "max_batches": 500
    }
  },
  "results": {
    "num_epochs": 0,
    "train_loss": [
      1.514681062430067,
      1.1482367552149937,
      0.9915820655920317,
      0.8762712015215394,
      0.790196177294797,
      0.7172441019121644,
      0.6487668713035486,
      0.5838044305591632,
      0.5239943482381914
    ],
    "train_acc": [
      46.134,
      59.796,
      65.486,
      69.62,
      72.694,
      75.362,
      77.924,
      80.42,
      82.526
    ],
    "test_loss": [
      1.2573109587160542,
      1.1002397141136682,
      1.0276173357003795,
      0.9710362833528854,
      0.942042731629393,
      0.9441631670577076,
      0.9589338698707068,
      0.9925944660418331,
      1.0598082131090256
    ],
    "test_acc": [
      56.0,
      61.73,
      63.88,
      66.28,
      67.36,
      67.8,
      67.97,
      67.54,
      66.64
    ]
  }
}