{
  "config": {
    "run_name": "exp1_4",
    "out_dir": "./results",
    "seed": 2011910211,
    "device": null,
    "bs_train": 128,
    "bs_test": 32,
    "batches": 500,
    "epochs": 100,
    "early_stopping": 3,
    "checkpoints": null,
    "lr": 0.001,
    "reg": 0.001,
    "filters_per_layer": [
      32
    ],
    "layers_per_block": 32,
    "pool_every": 17,
    "hidden_dims": [
      100
    ],
    "model_type": "resnet",
    "kw": {
      "max_batches": 500
    }
  },
  "results": {
    "num_epochs": 0,
    "train_loss": [
      1.7768782593710037,
      1.5096607257033248,
      1.331848300631394,
      1.2123204692245444,
      1.1391998837366129,
      1.0826570554767423,
      1.0316594506773498,
      0.987137426195852,
      0.9482925297963954,
      0.9091172474424553,
      0.8737312960807625,
      0.8420513962845668,
      0.819917956886389
    ],
    "train_acc": [
      36.8,
      46.168,
      52.168,
      56.768,
      59.524,
      61.698,
      63.492,
      65.052,
      66.416,
      67.86,
      69.062,
      70.178,
      71.224
    ],
    "test_loss": [
      1.6070214414748902,
      1.4193502310365915,
      1.2787764186676318,
      1.1920822192304812,
      1.1412670391436202,
      1.1278880548934205,
      1.089523656680561,
      1.0681532594723442,
      1.0731336697221945,
      1.0383042405588558,
      1.0420111025484224,
      1.0488345600164737,
      1.0643118471383286
    ],
    "test_acc": [
      43.24,
      48.45,
      53.4,
      57.21,
      59.1,
      59.51,
      60.6,
      61.9,
      61.69,
      63.62,
      63.62,
      63.36,
      62.57
    ]
  }
}