{
  "config": {
    "run_name": "exp1_1",
    "out_dir": "./results",
    "seed": 740109075,
    "device": null,
    "bs_train": 128,
    "bs_test": 32,
    "batches": 500,
    "epochs": 100,
    "early_stopping": 3,
    "checkpoints": null,
    "lr": 0.0005,
    "reg": 0.001,
    "filters_per_layer": [
      32
    ],
    "layers_per_block": 2,
    "pool_every": 2,
    "hidden_dims": [
      100
    ],
    "model_type": "cnn",
    "kw": {
      "max_batches": 500
    }
  },
  "results": {
    "num_epochs": 0,
    "train_loss": [
      1.6306043073649297,
      1.2958263972836077,
      1.1690224259710678,
      1.073736244455323,
      0.9947863332450847,
      0.9296334113001519,
      0.8733870172134751,
      0.8240454007902414,
      0.7790711541919757,
      0.7384215059792599,
      0.6991363291240409,
      0.6613347280360854
    ],
    "train_acc": [
      41.866,
      53.836,
      58.818,
      62.504,
      65.16,
      67.556,
      69.64,
      71.43,
      73.08,
      74.608,
      76.006,
      77.518
    ],
    "test_loss": [
      1.382718997260633,
      1.2409900994346545,
      1.1540972919890675,
      1.099279044154353,
      1.0564582020329971,
      1.0239378712809504,
      0.9949005419453874,
      0.9822936621717752,
      0.98176267581245,
      0.9924471431646865,
      1.011724600014976,
      1.0370884124463358
    ],
    "test_acc": [
      51.47,
      56.45,
      58.97,
      61.31,
      62.98,
      64.22,
      65.74,
      66.37,
      66.73,
      66.87,
      66.69,
      66.36
    ]
  }
}