{
  "config": {
    "run_name": "exp1_2",
    "out_dir": "./results",
    "seed": 519778913,
    "device": null,
    "bs_train": 128,
    "bs_test": 32,
    "batches": 500,
    "epochs": 100,
    "early_stopping": 3,
    "checkpoints": null,
    "lr": 0.0005,
    "reg": 0.001,
    "filters_per_layer": [
      128
    ],
    "layers_per_block": 4,
    "pool_every": 3,
    "hidden_dims": [
      100
    ],
    "model_type": "cnn",
    "kw": {
      "max_batches": 500
    }
  },
  "results": {
    "num_epochs": 0,
    "train_loss": [
      1.5235136768702047,
      1.063224460767663,
      0.824969201441616,
      0.6588370476842231,
      0.5146794624035925,
      0.4116942266673993,
      0.31031984685327085,
      0.2052742258057265,
      0.1662966247714694,
      0.1380983435589334,
      0.08202724993381354
    ],
    "train_acc": [
      45.164,
      62.108,
      70.966,
      77.216,
      82.196,
      85.708,
      89.088,
      92.648,
      94.098,
      95.138,
      97.15
    ],
    "test_loss": [
      1.2198353727785542,
      0.9772200416833067,
      0.8652092199356031,
      0.8725751687924321,
      0.9782595893445487,
      1.092760957468051,
      1.2747295733077078,
      1.4516437762080672,
      1.4605841590954474,
      1.5549900432745107,
      1.8158735086361821
    ],
    "test_acc": [
      57.09,
      65.88,
      70.14,
      70.83,
      71.08,
      70.13,
      69.66,
      71.15,
      71.66,
      70.99,
      70.21
    ]
  }
}