{
  "config": {
    "run_name": "exp1_3",
    "out_dir": "./results",
    "seed": 346551486,
    "device": null,
    "bs_train": 128,
    "bs_test": 32,
    "batches": 500,
    "epochs": 100,
    "early_stopping": 3,
    "checkpoints": null,
    "lr": 0.0005,
    "reg": 0.001,
    "filters_per_layer": [
      64,
      128,
      256
    ],
    "layers_per_block": 4,
    "pool_every": 3,
    "hidden_dims": [
      100
    ],
    "model_type": "cnn",
    "kw": {
      "max_batches": 500
    }
  },
  "results": {
    "num_epochs": 0,
    "train_loss": [
      1.9262212963055467,
      1.5063361048393542,
      1.2495473876328724,
      1.0586415166440217,
      0.9091094424352621,
      0.8044947163223306,
      0.7202506687330164,
      0.6395157914027534,
      0.5799619474679308,
      0.5391689212730778,
      0.480329703796855,
      0.42820759258611735,
      0.3696632873066856,
      0.33583365437929585
    ],
    "train_acc": [
      27.168,
      43.632,
      54.414,
      61.922,
      67.538,
      71.452,
      74.37,
      77.406,
      79.612,
      80.972,
      83.176,
      84.944,
      86.87,
      88.098
    ],
    "test_loss": [
      1.6977987563648163,
      1.486724853515625,
      1.194910116469898,
      1.0222677895055412,
      1.0169737209527256,
      0.9223774187861921,
      0.8441351259859226,
      0.843963623046875,
      0.8445807021265974,
      0.8121815641848044,
      0.8324283685166234,
      0.8616231607552916,
      0.9516245686588958,
      1.045086455421326
    ],
    "test_acc": [
      34.63,
      47.46,
      57.22,
      63.94,
      64.61,
      68.3,
      71.24,
      71.38,
      71.92,
      73.26,
      74.43,
      74.97,
      74.51,
      73.74
    ]
  }
}