{
  "config": {
    "run_name": "exp1_1",
    "out_dir": "./results",
    "seed": 1791762948,
    "device": null,
    "bs_train": 128,
    "bs_test": 32,
    "batches": 500,
    "epochs": 100,
    "early_stopping": 3,
    "checkpoints": null,
    "lr": 0.0005,
    "reg": 0.001,
    "filters_per_layer": [
      64
    ],
    "layers_per_block": 16,
    "pool_every": 9,
    "hidden_dims": [
      100
    ],
    "model_type": "cnn",
    "kw": {
      "max_batches": 500
    }
  },
  "results": {
    "num_epochs": 0,
    "train_loss": [
      1.95349807934383,
      1.4718631051690376,
      1.259852650830203,
      1.1017801036005435,
      0.9674141730189019,
      0.860518823804148,
      0.7436149577655451,
      0.6635783554038124,
      0.5790322930611613
    ],
    "train_acc": [
      26.184,
      46.598,
      54.588,
      60.596,
      65.564,
      69.516,
      73.742,
      76.58,
      79.668
    ],
    "test_loss": [
      1.57694339447509,
      1.36065186326877,
      1.2371646771415734,
      1.217629137130591,
      1.2739071587023263,
      1.3286792889189796,
      1.2731288142097643,
      1.488013904315595,
      1.829654778916234
    ],
    "test_acc": [
      42.58,
      51.26,
      55.79,
      57.35,
      57.12,
      55.28,
      58.12,
      55.62,
      52.43
    ]
  }
}