{
  "config": {
    "run_name": "exp1_1",
    "out_dir": "./results",
    "seed": 1525418958,
    "device": null,
    "bs_train": 128,
    "bs_test": 32,
    "batches": 500,
    "epochs": 100,
    "early_stopping": 3,
    "checkpoints": null,
    "lr": 0.0005,
    "reg": 0.001,
    "filters_per_layer": [
      64
    ],
    "layers_per_block": 8,
    "pool_every": 5,
    "hidden_dims": [
      100
    ],
    "model_type": "cnn",
    "kw": {
      "max_batches": 500
    }
  },
  "results": {
    "num_epochs": 0,
    "train_loss": [
      1.7501687442555147,
      1.2585873811141304,
      1.01885541442715,
      0.8463889509820572,
      0.7246769663622922,
      0.6180522947969949,
      0.5320054466462196
    ],
    "train_acc": [
      35.596,
      54.73,
      64.126,
      70.384,
      74.69,
      78.648,
      81.574
    ],
    "test_loss": [
      1.3860683258349142,
      1.1505726579660045,
      1.0117529725876098,
      0.9282083237133087,
      0.928705087485024,
      1.047896705115565,
      1.1068931311464156
    ],
    "test_acc": [
      49.41,
      59.1,
      65.68,
      68.51,
      69.25,
      67.92,
      67.57
    ]
  }
}