{
  "config": {
    "run_name": "exp1_1",
    "out_dir": "./results",
    "seed": 2096525797,
    "device": null,
    "bs_train": 128,
    "bs_test": 32,
    "batches": 500,
    "epochs": 100,
    "early_stopping": 3,
    "checkpoints": null,
    "lr": 0.0005,
    "reg": 0.001,
    "filters_per_layer": [
      32
    ],
    "layers_per_block": 4,
    "pool_every": 3,
    "hidden_dims": [
      100
    ],
    "model_type": "cnn",
    "kw": {
      "max_batches": 500
    }
  },
  "results": {
    "num_epochs": 0,
    "train_loss": [
      1.7050977936181266,
      1.3610140515105498,
      1.1961529431745523,
      1.0707960982456841,
      0.958753737037444,
      0.8639754273397539,
      0.7802345685641784,
      0.7022186045146659,
      0.6227886853620525
    ],
    "train_acc": [
      38.59,
      51.224,
      57.258,
      62.172,
      66.276,
      69.928,
      72.808,
      75.732,
      78.588
    ],
    "test_loss": [
      1.485384030083117,
      1.2955379790772263,
      1.1665934114791334,
      1.096942353172424,
      1.0728135764027555,
      1.051500996842552,
      1.0342208326053315,
      1.0906051294491315,
      1.184912830876847
    ],
    "test_acc": [
      47.19,
      53.84,
      58.72,
      61.4,
      62.29,
      63.41,
      64.91,
      64.38,
      63.6
    ]
  }
}