{
  "config": {
    "run_name": "exp2",
    "out_dir": "./results",
    "seed": 1187480830,
    "device": null,
    "bs_train": 128,
    "bs_test": 32,
    "batches": 500,
    "epochs": 100,
    "early_stopping": 3,
    "checkpoints": null,
    "lr": 0.0005,
    "reg": 0.001,
    "filters_per_layer": [
      32,
      64,
      128
    ],
    "layers_per_block": 3,
    "pool_every": 2,
    "hidden_dims": [
      100
    ],
    "model_type": "ycn",
    "kw": {
      "max_batches": 500
    }
  },
  "results": {
    "num_epochs": 0,
    "train_loss": [
      1.5672123511429028,
      1.0872021453154972,
      0.88517710497922,
      0.7569231194303468,
      0.6757855427539562,
      0.5992704035376039,
      0.5445258489350224,
      0.49733021923953,
      0.45301483232346945,
      0.4168781173198729,
      0.37987766119525257,
      0.35314496520839994,
      0.31848975764516063,
      0.2951023462788223,
      0.26927469941356297
    ],
    "train_acc": [
      42.214,
      60.872,
      68.534,
      73.172,
      76.414,
      79.116,
      81.028,
      82.614,
      84.044,
      85.484,
      86.638,
      87.336,
      88.834,
      89.56,
      90.448
    ],
    "test_loss": [
      1.2001564099004094,
      0.9495840834352536,
      0.8037547638621955,
      0.7194749631059055,
      0.6886017040703625,
      0.689327885929388,
      0.7708138657834964,
      0.71582275000624,
      0.729281489460613,
      0.6963017862825729,
      0.6804318656555761,
      0.734501457823732,
      0.7173759289823782,
      0.7747457095990166,
      0.7691994079004842
    ],
    "test_acc": [
      56.43,
      66.15,
      72.34,
      75.39,
      76.44,
      76.85,
      74.91,
      77.06,
      77.16,
      78.09,
      78.84,
      78.03,
      79.47,
      78.41,
      79.12
    ]
  }
}