{
  "config": {
    "run_name": "exp2",
    "out_dir": "./results",
    "seed": 1168061548,
    "device": null,
    "bs_train": 128,
    "bs_test": 32,
    "batches": 500,
    "epochs": 100,
    "early_stopping": 3,
    "checkpoints": null,
    "lr": 0.0005,
    "reg": 0.001,
    "filters_per_layer": [
      32,
      64,
      128
    ],
    "layers_per_block": 9,
    "pool_every": 5,
    "hidden_dims": [
      100
    ],
    "model_type": "ycn",
    "kw": {
      "max_batches": 500
    }
  },
  "results": {
    "num_epochs": 0,
    "train_loss": [
      1.8856544592191495,
      1.5172894958339993,
      1.3313490923713236,
      1.178663483056266,
      1.0541690914222346,
      0.9588580899836158,
      0.8750686060132273,
      0.8165739796045796,
      0.7572660714464114,
      0.7172381701066975,
      0.6775350351162883,
      0.6424923869959839,
      0.6163230174032929,
      0.5901716773772179,
      0.5632285974214754,
      0.5443932418628117
    ],
    "train_acc": [
      29.26,
      44.094,
      51.592,
      57.666,
      62.476,
      66.054,
      69.172,
      71.284,
      73.438,
      74.702,
      76.216,
      77.576,
      78.442,
      79.308,
      80.088,
      81.058
    ],
    "test_loss": [
      1.5620150337584864,
      1.3290384798385084,
      1.2583404638515874,
      1.0772486677565896,
      1.0732054299059006,
      0.9230814680885583,
      0.8808847250648961,
      0.8275327834839257,
      0.7858886231248752,
      0.784482669525634,
      0.738830810156874,
      0.7584904192354732,
      0.7213592529296875,
      0.6586090185390875,
      0.7075457100670177,
      0.6819611083204373
    ],
    "test_acc": [
      41.18,
      50.32,
      54.16,
      61.73,
      62.75,
      67.46,
      69.69,
      71.8,
      73.37,
      73.66,
      75.15,
      75.04,
      75.82,
      78.65,
      77.36,
      78.4
    ]
  }
}